,text_length,count_of_texts
0,14,229
1,12,548
2,12,548
3,8,980
4,8,980
5,9,916
6,13,377
7,11,720
8,14,229
9,8,980
10,8,980
11,8,980
12,7,1286
13,7,1286
14,8,980
15,10,762
16,9,916
17,8,980
18,10,762
19,9,916
20,11,720
21,9,916
22,9,916
23,7,1286
24,12,548
25,13,377
26,13,377
27,9,916
28,10,762
29,10,762
30,11,720
31,9,916
32,6,711
33,11,720
34,11,720
35,10,762
36,12,548
37,12,548
38,14,229
39,5,460
40,5,460
41,5,460
42,5,460
43,7,1286
44,7,1286
45,6,711
46,6,711
47,7,1286
48,6,711
49,6,711
50,7,1286
51,6,711
52,6,711
53,8,980
54,9,916
55,9,916
56,10,762
57,9,916
58,10,762
59,5,460
60,8,980
61,9,916
62,10,762
63,8,980
64,9,916
65,10,762
66,10,762
67,9,916
68,10,762
69,7,1286
70,7,1286
71,10,762
72,9,916
73,9,916
74,11,720
75,7,1286
76,7,1286
77,8,980
78,8,980
79,7,1286
80,9,916
81,7,1286
82,7,1286
83,8,980
84,6,711
85,7,1286
86,9,916
87,6,711
88,7,1286
89,7,1286
90,7,1286
91,7,1286
92,7,1286
93,9,916
94,9,916
95,9,916
96,7,1286
97,7,1286
98,8,980
99,6,711
100,6,711
101,7,1286
102,9,916
103,7,1286
104,5,460
105,8,980
106,8,980
107,14,229
108,9,916
109,9,916
110,11,720
111,13,377
112,12,548
113,13,377
114,12,548
115,12,548
116,12,548
117,7,1286
118,8,980
119,8,980
120,6,711
121,7,1286
122,8,980
123,8,980
124,8,980
125,10,762
126,8,980
127,7,1286
128,8,980
129,8,980
130,8,980
131,9,916
132,7,1286
133,7,1286
134,7,1286
135,8,980
136,8,980
137,7,1286
138,9,916
139,8,980
140,8,980
141,13,377
142,14,229
143,14,229
144,9,916
145,8,980
146,10,762
147,8,980
148,8,980
149,8,980
150,8,980
151,8,980
152,10,762
153,8,980
154,7,1286
155,8,980
156,15,140
157,15,140
158,14,229
159,9,916
160,8,980
161,9,916
162,5,460
163,5,460
164,5,460
165,14,229
166,14,229
167,15,140
168,12,548
169,11,720
170,12,548
171,12,548
172,12,548
173,13,377
174,7,1286
175,5,460
176,5,460
177,10,762
178,9,916
179,10,762
180,7,1286
181,8,980
182,8,980
183,10,762
184,10,762
185,10,762
186,10,762
187,11,720
188,18,10
189,8,980
190,8,980
191,11,720
192,8,980
193,8,980
194,8,980
195,14,229
196,13,377
197,21,2
198,9,916
199,9,916
200,8,980
201,6,711
202,5,460
203,6,711
204,12,548
205,10,762
206,15,140
207,13,377
208,13,377
209,15,140
210,7,1286
211,7,1286
212,10,762
213,9,916
214,9,916
215,11,720
216,9,916
217,9,916
218,11,720
219,6,711
220,6,711
221,5,460
222,10,762
223,10,762
224,11,720
225,16,62
226,17,48
227,18,10
228,5,460
229,5,460
230,5,460
231,10,762
232,9,916
233,11,720
234,8,980
235,9,916
236,11,720
237,13,377
238,11,720
239,11,720
240,15,140
241,15,140
242,17,48
243,11,720
244,12,548
245,13,377
246,9,916
247,10,762
248,10,762
249,13,377
250,12,548
251,14,229
252,7,1286
253,7,1286
254,6,711
255,7,1286
256,7,1286
257,8,980
258,11,720
259,10,762
260,9,916
261,6,711
262,6,711
263,7,1286
264,12,548
265,10,762
266,8,980
267,6,711
268,7,1286
269,7,1286
270,8,980
271,6,711
272,7,1286
273,7,1286
274,9,916
275,6,711
276,8,980
277,8,980
278,8,980
279,7,1286
280,7,1286
281,9,916
282,9,916
283,7,1286
284,6,711
285,12,548
286,8,980
287,6,711
288,6,711
289,7,1286
290,7,1286
291,6,711
292,6,711
293,6,711
294,6,711
295,7,1286
296,8,980
297,12,548
298,7,1286
299,9,916
300,9,916
301,9,916
302,5,460
303,7,1286
304,6,711
305,6,711
306,9,916
307,9,916
308,7,1286
309,5,460
310,5,460
311,6,711
312,6,711
313,6,711
314,7,1286
315,10,762
316,10,762
317,11,720
318,6,711
319,7,1286
320,5,460
321,9,916
322,9,916
323,10,762
324,9,916
325,9,916
326,10,762
327,8,980
328,9,916
329,11,720
330,8,980
331,8,980
332,9,916
333,10,762
334,10,762
335,11,720
336,14,229
337,14,229
338,15,140
339,6,711
340,6,711
341,7,1286
342,6,711
343,7,1286
344,8,980
345,6,711
346,6,711
347,8,980
348,6,711
349,6,711
350,7,1286
351,8,980
352,8,980
353,6,711
354,6,711
355,5,460
356,7,1286
357,11,720
358,12,548
359,9,916
360,7,1286
361,8,980
362,7,1286
363,6,711
364,7,1286
365,8,980
366,7,1286
367,7,1286
368,7,1286
369,6,711
370,6,711
371,6,711
372,5,460
373,5,460
374,7,1286
375,5,460
376,5,460
377,6,711
378,12,548
379,9,916
380,8,980
381,9,916
382,9,916
383,7,1286
384,7,1286
385,8,980
386,8,980
387,6,711
388,6,711
389,8,980
390,6,711
391,7,1286
392,7,1286
393,5,460
394,5,460
395,8,980
396,7,1286
397,7,1286
398,9,916
399,13,377
400,13,377
401,11,720
402,6,711
403,6,711
404,8,980
405,9,916
406,10,762
407,11,720
408,12,548
409,8,980
410,8,980
411,11,720
412,11,720
413,13,377
414,13,377
415,11,720
416,15,140
417,6,711
418,7,1286
419,5,460
420,7,1286
421,7,1286
422,9,916
423,8,980
424,8,980
425,9,916
426,9,916
427,9,916
428,8,980
429,7,1286
430,7,1286
431,8,980
432,8,980
433,6,711
434,6,711
435,8,980
436,8,980
437,5,460
438,6,711
439,6,711
440,7,1286
441,5,460
442,5,460
443,7,1286
444,5,460
445,7,1286
446,7,1286
447,5,460
448,5,460
449,5,460
450,5,460
451,7,1286
452,7,1286
453,8,980
454,7,1286
455,6,711
456,5,460
457,5,460
458,8,980
459,5,460
460,5,460
461,5,460
462,7,1286
463,7,1286
464,10,762
465,5,460
466,5,460
467,6,711
468,8,980
469,8,980
470,8,980
471,10,762
472,10,762
473,10,762
474,8,980
475,8,980
476,7,1286
477,8,980
478,8,980
479,9,916
480,8,980
481,8,980
482,8,980
483,5,460
484,5,460
485,8,980
486,6,711
487,6,711
488,6,711
489,10,762
490,10,762
491,11,720
492,11,720
493,10,762
494,9,916
495,12,548
496,11,720
497,9,916
498,10,762
499,10,762
500,11,720
501,10,762
502,10,762
503,11,720
504,8,980
505,8,980
506,9,916
507,6,711
508,7,1286
509,7,1286
510,8,980
511,8,980
512,9,916
513,12,548
514,10,762
515,9,916
516,8,980
517,8,980
518,8,980
519,7,1286
520,7,1286
521,7,1286
522,8,980
523,8,980
524,8,980
525,7,1286
526,7,1286
527,8,980
528,8,980
529,9,916
530,9,916
531,11,720
532,9,916
533,12,548
534,11,720
535,11,720
536,10,762
537,5,460
538,5,460
539,5,460
540,8,980
541,8,980
542,10,762
543,7,1286
544,7,1286
545,8,980
546,7,1286
547,8,980
548,9,916
549,7,1286
550,7,1286
551,9,916
552,6,711
553,6,711
554,10,762
555,5,460
556,5,460
557,5,460
558,6,711
559,5,460
560,7,1286
561,11,720
562,12,548
563,10,762
564,10,762
565,9,916
566,7,1286
567,9,916
568,9,916
569,12,548
570,10,762
571,11,720
572,12,548
573,9,916
574,9,916
575,9,916
576,9,916
577,11,720
578,10,762
579,9,916
580,10,762
581,11,720
582,13,377
583,15,140
584,15,140
585,10,762
586,10,762
587,9,916
588,13,377
589,13,377
590,14,229
591,8,980
592,8,980
593,8,980
594,12,548
595,12,548
596,13,377
597,6,711
598,7,1286
599,9,916
600,7,1286
601,7,1286
602,7,1286
603,7,1286
604,8,980
605,8,980
606,7,1286
607,7,1286
608,8,980
609,11,720
610,12,548
611,14,229
612,7,1286
613,8,980
614,10,762
615,8,980
616,9,916
617,8,980
618,10,762
619,11,720
620,14,229
621,8,980
622,8,980
623,10,762
624,9,916
625,9,916
626,9,916
627,9,916
628,8,980
629,6,711
630,11,720
631,12,548
632,7,1286
633,9,916
634,8,980
635,13,377
636,8,980
637,8,980
638,8,980
639,10,762
640,11,720
641,8,980
642,7,1286
643,8,980
644,7,1286
645,7,1286
646,8,980
647,7,1286
648,8,980
649,8,980
650,8,980
651,7,1286
652,6,711
653,7,1286
654,6,711
655,6,711
656,8,980
657,15,140
658,15,140
659,11,720
660,15,140
661,15,140
662,16,62
663,18,10
664,17,48
665,17,48
666,16,62
667,17,48
668,14,229
669,15,140
670,15,140
671,13,377
672,6,711
673,6,711
674,6,711
675,8,980
676,8,980
677,9,916
678,14,229
679,17,48
680,14,229
681,14,229
682,15,140
683,16,62
684,9,916
685,9,916
686,11,720
687,8,980
688,9,916
689,5,460
690,7,1286
691,7,1286
692,9,916
693,11,720
694,9,916
695,11,720
696,16,62
697,15,140
698,14,229
699,10,762
700,11,720
701,13,377
702,14,229
703,14,229
704,16,62
705,10,762
706,10,762
707,11,720
708,11,720
709,11,720
710,15,140
711,11,720
712,11,720
713,13,377
714,8,980
715,8,980
716,9,916
717,8,980
718,9,916
719,11,720
720,13,377
721,13,377
722,16,62
723,8,980
724,8,980
725,9,916
726,13,377
727,13,377
728,13,377
729,7,1286
730,7,1286
731,5,460
732,7,1286
733,6,711
734,6,711
735,8,980
736,8,980
737,9,916
738,7,1286
739,7,1286
740,8,980
741,7,1286
742,7,1286
743,7,1286
744,12,548
745,9,916
746,8,980
747,9,916
748,8,980
749,8,980
750,8,980
751,8,980
752,9,916
753,8,980
754,8,980
755,11,720
756,12,548
757,12,548
758,12,548
759,9,916
760,9,916
761,8,980
762,7,1286
763,7,1286
764,9,916
765,10,762
766,10,762
767,10,762
768,9,916
769,10,762
770,9,916
771,9,916
772,10,762
773,11,720
774,8,980
775,8,980
776,11,720
777,6,711
778,7,1286
779,8,980
780,7,1286
781,9,916
782,10,762
783,6,711
784,6,711
785,9,916
786,8,980
787,7,1286
788,6,711
789,7,1286
790,7,1286
791,9,916
792,7,1286
793,7,1286
794,7,1286
795,7,1286
796,7,1286
797,6,711
798,7,1286
799,7,1286
800,8,980
801,7,1286
802,8,980
803,8,980
804,8,980
805,7,1286
806,9,916
807,8,980
808,10,762
809,10,762
810,9,916
811,8,980
812,10,762
813,7,1286
814,8,980
815,6,711
816,14,229
817,14,229
818,11,720
819,14,229
820,15,140
821,15,140
822,16,62
823,15,140
824,15,140
825,17,48
826,17,48
827,14,229
828,15,140
829,14,229
830,13,377
831,14,229
832,11,720
833,13,377
834,15,140
835,15,140
836,17,48
837,7,1286
838,7,1286
839,7,1286
840,13,377
841,13,377
842,12,548
843,5,460
844,5,460
845,7,1286
846,8,980
847,7,1286
848,9,916
849,8,980
850,7,1286
851,8,980
852,8,980
853,7,1286
854,7,1286
855,7,1286
856,7,1286
857,6,711
858,7,1286
859,5,460
860,6,711
861,10,762
862,10,762
863,13,377
864,11,720
865,11,720
866,10,762
867,5,460
868,5,460
869,5,460
870,5,460
871,5,460
872,6,711
873,9,916
874,9,916
875,6,711
876,12,548
877,11,720
878,9,916
879,7,1286
880,7,1286
881,9,916
882,7,1286
883,7,1286
884,7,1286
885,10,762
886,10,762
887,7,1286
888,7,1286
889,7,1286
890,7,1286
891,7,1286
892,7,1286
893,7,1286
894,7,1286
895,6,711
896,9,916
897,5,460
898,5,460
899,7,1286
900,6,711
901,5,460
902,6,711
903,5,460
904,5,460
905,7,1286
906,9,916
907,9,916
908,11,720
909,6,711
910,5,460
911,6,711
912,7,1286
913,7,1286
914,9,916
915,12,548
916,12,548
917,10,762
918,6,711
919,6,711
920,8,980
921,7,1286
922,7,1286
923,6,711
924,11,720
925,11,720
926,10,762
927,8,980
928,8,980
929,10,762
930,9,916
931,9,916
932,11,720
933,10,762
934,9,916
935,10,762
936,10,762
937,10,762
938,12,548
939,10,762
940,14,229
941,13,377
942,10,762
943,9,916
944,10,762
945,10,762
946,10,762
947,12,548
948,11,720
949,10,762
950,10,762
951,13,377
952,13,377
953,12,548
954,11,720
955,11,720
956,13,377
957,8,980
958,9,916
959,11,720
960,7,1286
961,7,1286
962,7,1286
963,13,377
964,11,720
965,13,377
966,6,711
967,7,1286
968,9,916
969,10,762
970,10,762
971,11,720
972,5,460
973,7,1286
974,7,1286
975,6,711
976,7,1286
977,6,711
978,9,916
979,9,916
980,10,762
981,9,916
982,10,762
983,12,548
984,9,916
985,10,762
986,11,720
987,6,711
988,7,1286
989,7,1286
990,7,1286
991,8,980
992,10,762
993,10,762
994,10,762
995,7,1286
996,17,48
997,17,48
998,17,48
999,9,916
1000,7,1286
1001,7,1286
1002,6,711
1003,6,711
1004,5,460
1005,10,762
1006,10,762
1007,12,548
1008,5,460
1009,6,711
1010,6,711
1011,11,720
1012,11,720
1013,12,548
1014,10,762
1015,8,980
1016,11,720
1017,5,460
1018,5,460
1019,7,1286
1020,7,1286
1021,5,460
1022,5,460
1023,7,1286
1024,5,460
1025,7,1286
1026,15,140
1027,14,229
1028,13,377
1029,11,720
1030,12,548
1031,11,720
1032,8,980
1033,9,916
1034,10,762
1035,14,229
1036,14,229
1037,10,762
1038,8,980
1039,8,980
1040,7,1286
1041,5,460
1042,6,711
1043,7,1286
1044,7,1286
1045,7,1286
1046,7,1286
1047,11,720
1048,12,548
1049,7,1286
1050,7,1286
1051,9,916
1052,9,916
1053,7,1286
1054,9,916
1055,9,916
1056,5,460
1057,7,1286
1058,6,711
1059,9,916
1060,10,762
1061,11,720
1062,8,980
1063,7,1286
1064,9,916
1065,9,916
1066,9,916
1067,9,916
1068,6,711
1069,6,711
1070,7,1286
1071,6,711
1072,6,711
1073,6,711
1074,6,711
1075,7,1286
1076,8,980
1077,9,916
1078,9,916
1079,9,916
1080,7,1286
1081,7,1286
1082,7,1286
1083,10,762
1084,8,980
1085,9,916
1086,9,916
1087,9,916
1088,10,762
1089,6,711
1090,7,1286
1091,6,711
1092,10,762
1093,11,720
1094,7,1286
1095,6,711
1096,7,1286
1097,6,711
1098,8,980
1099,6,711
1100,7,1286
1101,5,460
1102,5,460
1103,8,980
1104,7,1286
1105,8,980
1106,9,916
1107,8,980
1108,7,1286
1109,7,1286
1110,7,1286
1111,7,1286
1112,8,980
1113,6,711
1114,6,711
1115,6,711
1116,6,711
1117,6,711
1118,7,1286
1119,10,762
1120,8,980
1121,9,916
1122,17,48
1123,14,229
1124,14,229
1125,9,916
1126,8,980
1127,9,916
1128,9,916
1129,9,916
1130,9,916
1131,10,762
1132,10,762
1133,11,720
1134,5,460
1135,5,460
1136,6,711
1137,5,460
1138,5,460
1139,5,460
1140,11,720
1141,11,720
1142,12,548
1143,11,720
1144,11,720
1145,12,548
1146,9,916
1147,10,762
1148,9,916
1149,12,548
1150,10,762
1151,10,762
1152,10,762
1153,9,916
1154,9,916
1155,11,720
1156,12,548
1157,12,548
1158,14,229
1159,14,229
1160,13,377
1161,12,548
1162,12,548
1163,13,377
1164,12,548
1165,14,229
1166,14,229
1167,13,377
1168,13,377
1169,13,377
1170,13,377
1171,13,377
1172,13,377
1173,7,1286
1174,8,980
1175,10,762
1176,6,711
1177,6,711
1178,6,711
1179,5,460
1180,7,1286
1181,8,980
1182,5,460
1183,6,711
1184,6,711
1185,6,711
1186,6,711
1187,6,711
1188,5,460
1189,5,460
1190,5,460
1191,6,711
1192,6,711
1193,6,711
1194,7,1286
1195,7,1286
1196,10,762
1197,6,711
1198,5,460
1199,10,762
1200,9,916
1201,9,916
1202,10,762
1203,7,1286
1204,7,1286
1205,11,720
1206,7,1286
1207,7,1286
1208,11,720
1209,7,1286
1210,8,980
1211,7,1286
1212,10,762
1213,10,762
1214,12,548
1215,14,229
1216,15,140
1217,15,140
1218,12,548
1219,11,720
1220,11,720
1221,13,377
1222,12,548
1223,12,548
1224,15,140
1225,15,140
1226,16,62
1227,16,62
1228,10,762
1229,8,980
1230,14,229
1231,14,229
1232,15,140
1233,15,140
1234,16,62
1235,16,62
1236,14,229
1237,14,229
1238,15,140
1239,15,140
1240,15,140
1241,17,48
1242,11,720
1243,11,720
1244,11,720
1245,14,229
1246,14,229
1247,17,48
1248,6,711
1249,7,1286
1250,9,916
1251,8,980
1252,9,916
1253,10,762
1254,9,916
1255,9,916
1256,12,548
1257,8,980
1258,7,1286
1259,7,1286
1260,7,1286
1261,7,1286
1262,8,980
1263,8,980
1264,8,980
1265,9,916
1266,8,980
1267,9,916
1268,9,916
1269,7,1286
1270,8,980
1271,8,980
1272,8,980
1273,8,980
1274,8,980
1275,9,916
1276,7,1286
1277,9,916
1278,12,548
1279,11,720
1280,12,548
1281,7,1286
1282,7,1286
1283,9,916
1284,11,720
1285,11,720
1286,13,377
1287,11,720
1288,11,720
1289,12,548
1290,13,377
1291,11,720
1292,11,720
1293,11,720
1294,11,720
1295,11,720
1296,13,377
1297,13,377
1298,11,720
1299,11,720
1300,11,720
1301,11,720
1302,7,1286
1303,7,1286
1304,9,916
1305,13,377
1306,12,548
1307,11,720
1308,5,460
1309,5,460
1310,7,1286
1311,5,460
1312,5,460
1313,7,1286
1314,9,916
1315,6,711
1316,6,711
1317,10,762
1318,10,762
1319,12,548
1320,5,460
1321,5,460
1322,5,460
1323,6,711
1324,7,1286
1325,8,980
1326,8,980
1327,8,980
1328,12,548
1329,5,460
1330,5,460
1331,7,1286
1332,9,916
1333,9,916
1334,8,980
1335,5,460
1336,5,460
1337,7,1286
1338,6,711
1339,7,1286
1340,9,916
1341,6,711
1342,7,1286
1343,8,980
1344,13,377
1345,14,229
1346,15,140
1347,14,229
1348,14,229
1349,13,377
1350,10,762
1351,10,762
1352,9,916
1353,8,980
1354,9,916
1355,10,762
1356,5,460
1357,5,460
1358,7,1286
1359,5,460
1360,5,460
1361,7,1286
1362,7,1286
1363,7,1286
1364,7,1286
1365,8,980
1366,8,980
1367,7,1286
1368,4,30
1369,5,460
1370,7,1286
1371,5,460
1372,5,460
1373,6,711
1374,7,1286
1375,7,1286
1376,8,980
1377,14,229
1378,14,229
1379,11,720
1380,13,377
1381,13,377
1382,12,548
1383,12,548
1384,10,762
1385,13,377
1386,14,229
1387,12,548
1388,12,548
1389,7,1286
1390,7,1286
1391,7,1286
1392,12,548
1393,13,377
1394,13,377
1395,14,229
1396,14,229
1397,13,377
1398,9,916
1399,8,980
1400,7,1286
1401,11,720
1402,7,1286
1403,7,1286
1404,7,1286
1405,10,762
1406,6,711
1407,13,377
1408,14,229
1409,12,548
1410,15,140
1411,10,762
1412,11,720
1413,7,1286
1414,8,980
1415,6,711
1416,6,711
1417,6,711
1418,6,711
1419,13,377
1420,14,229
1421,17,48
1422,12,548
1423,12,548
1424,11,720
1425,7,1286
1426,6,711
1427,7,1286
1428,6,711
1429,5,460
1430,6,711
1431,6,711
1432,5,460
1433,7,1286
1434,6,711
1435,7,1286
1436,7,1286
1437,7,1286
1438,7,1286
1439,9,916
1440,7,1286
1441,8,980
1442,8,980
1443,7,1286
1444,7,1286
1445,9,916
1446,11,720
1447,11,720
1448,11,720
1449,9,916
1450,10,762
1451,8,980
1452,7,1286
1453,7,1286
1454,6,711
1455,11,720
1456,11,720
1457,13,377
1458,8,980
1459,9,916
1460,11,720
1461,10,762
1462,9,916
1463,10,762
1464,9,916
1465,9,916
1466,11,720
1467,7,1286
1468,7,1286
1469,6,711
1470,5,460
1471,5,460
1472,5,460
1473,7,1286
1474,7,1286
1475,10,762
1476,9,916
1477,8,980
1478,9,916
1479,12,548
1480,12,548
1481,12,548
1482,7,1286
1483,7,1286
1484,8,980
1485,13,377
1486,14,229
1487,13,377
1488,9,916
1489,9,916
1490,9,916
1491,11,720
1492,11,720
1493,14,229
1494,12,548
1495,11,720
1496,11,720
1497,10,762
1498,9,916
1499,10,762
1500,9,916
1501,8,980
1502,9,916
1503,8,980
1504,8,980
1505,8,980
1506,7,1286
1507,7,1286
1508,9,916
1509,10,762
1510,11,720
1511,14,229
1512,11,720
1513,13,377
1514,5,460
1515,8,980
1516,9,916
1517,6,711
1518,11,720
1519,8,980
1520,6,711
1521,5,460
1522,5,460
1523,6,711
1524,7,1286
1525,7,1286
1526,8,980
1527,14,229
1528,14,229
1529,11,720
1530,10,762
1531,9,916
1532,11,720
1533,10,762
1534,11,720
1535,11,720
1536,9,916
1537,9,916
1538,10,762
1539,9,916
1540,9,916
1541,10,762
1542,8,980
1543,8,980
1544,11,720
1545,13,377
1546,11,720
1547,12,548
1548,11,720
1549,11,720
1550,12,548
1551,8,980
1552,8,980
1553,10,762
1554,6,711
1555,7,1286
1556,9,916
1557,11,720
1558,12,548
1559,10,762
1560,7,1286
1561,7,1286
1562,10,762
1563,6,711
1564,7,1286
1565,8,980
1566,8,980
1567,8,980
1568,10,762
1569,9,916
1570,7,1286
1571,6,711
1572,11,720
1573,12,548
1574,14,229
1575,9,916
1576,9,916
1577,8,980
1578,9,916
1579,9,916
1580,7,1286
1581,6,711
1582,6,711
1583,8,980
1584,7,1286
1585,7,1286
1586,7,1286
1587,7,1286
1588,7,1286
1589,8,980
1590,7,1286
1591,7,1286
1592,7,1286
1593,14,229
1594,14,229
1595,13,377
1596,12,548
1597,11,720
1598,10,762
1599,13,377
1600,14,229
1601,13,377
1602,10,762
1603,11,720
1604,11,720
1605,11,720
1606,10,762
1607,11,720
1608,6,711
1609,7,1286
1610,7,1286
1611,10,762
1612,7,1286
1613,10,762
1614,8,980
1615,8,980
1616,9,916
1617,10,762
1618,10,762
1619,11,720
1620,11,720
1621,10,762
1622,7,1286
1623,9,916
1624,10,762
1625,8,980
1626,13,377
1627,13,377
1628,8,980
1629,7,1286
1630,8,980
1631,7,1286
1632,7,1286
1633,7,1286
1634,8,980
1635,9,916
1636,9,916
1637,11,720
1638,12,548
1639,12,548
1640,12,548
1641,8,980
1642,8,980
1643,5,460
1644,12,548
1645,12,548
1646,13,377
1647,13,377
1648,13,377
1649,14,229
1650,6,711
1651,7,1286
1652,7,1286
1653,7,1286
1654,7,1286
1655,10,762
1656,7,1286
1657,7,1286
1658,7,1286
1659,7,1286
1660,8,980
1661,10,762
1662,12,548
1663,9,916
1664,9,916
1665,7,1286
1666,8,980
1667,6,711
1668,12,548
1669,12,548
1670,12,548
1671,8,980
1672,8,980
1673,10,762
1674,7,1286
1675,7,1286
1676,5,460
1677,9,916
1678,10,762
1679,9,916
1680,7,1286
1681,7,1286
1682,6,711
1683,5,460
1684,5,460
1685,6,711
1686,6,711
1687,7,1286
1688,7,1286
1689,11,720
1690,12,548
1691,11,720
1692,8,980
1693,7,1286
1694,9,916
1695,9,916
1696,11,720
1697,12,548
1698,6,711
1699,5,460
1700,6,711
1701,7,1286
1702,6,711
1703,7,1286
1704,12,548
1705,12,548
1706,10,762
1707,12,548
1708,12,548
1709,14,229
1710,13,377
1711,13,377
1712,13,377
1713,6,711
1714,10,762
1715,8,980
1716,6,711
1717,6,711
1718,8,980
1719,6,711
1720,6,711
1721,7,1286
1722,10,762
1723,11,720
1724,10,762
1725,14,229
1726,13,377
1727,15,140
1728,13,377
1729,13,377
1730,7,1286
1731,13,377
1732,12,548
1733,15,140
1734,9,916
1735,9,916
1736,10,762
1737,7,1286
1738,9,916
1739,7,1286
1740,7,1286
1741,7,1286
1742,6,711
1743,10,762
1744,9,916
1745,11,720
1746,8,980
1747,7,1286
1748,9,916
1749,9,916
1750,8,980
1751,8,980
1752,6,711
1753,6,711
1754,8,980
1755,7,1286
1756,8,980
1757,10,762
1758,6,711
1759,6,711
1760,7,1286
1761,14,229
1762,14,229
1763,15,140
1764,14,229
1765,16,62
1766,13,377
1767,13,377
1768,12,548
1769,13,377
1770,7,1286
1771,7,1286
1772,9,916
1773,16,62
1774,16,62
1775,15,140
1776,9,916
1777,10,762
1778,11,720
1779,7,1286
1780,7,1286
1781,9,916
1782,7,1286
1783,7,1286
1784,9,916
1785,11,720
1786,10,762
1787,11,720
1788,10,762
1789,10,762
1790,10,762
1791,7,1286
1792,7,1286
1793,8,980
1794,12,548
1795,12,548
1796,11,720
1797,10,762
1798,8,980
1799,10,762
1800,5,460
1801,5,460
1802,6,711
1803,5,460
1804,5,460
1805,5,460
1806,9,916
1807,7,1286
1808,10,762
1809,6,711
1810,6,711
1811,7,1286
1812,5,460
1813,5,460
1814,8,980
1815,5,460
1816,5,460
1817,7,1286
1818,5,460
1819,5,460
1820,6,711
1821,7,1286
1822,5,460
1823,7,1286
1824,7,1286
1825,7,1286
1826,7,1286
1827,9,916
1828,9,916
1829,11,720
1830,5,460
1831,5,460
1832,5,460
1833,8,980
1834,8,980
1835,11,720
1836,7,1286
1837,7,1286
1838,8,980
1839,7,1286
1840,5,460
1841,8,980
1842,9,916
1843,6,711
1844,8,980
1845,12,548
1846,12,548
1847,13,377
1848,11,720
1849,11,720
1850,6,711
1851,9,916
1852,9,916
1853,11,720
1854,6,711
1855,7,1286
1856,9,916
1857,9,916
1858,9,916
1859,9,916
1860,10,762
1861,10,762
1862,12,548
1863,5,460
1864,7,1286
1865,5,460
1866,11,720
1867,11,720
1868,11,720
1869,13,377
1870,13,377
1871,15,140
1872,14,229
1873,16,62
1874,12,548
1875,9,916
1876,11,720
1877,12,548
1878,6,711
1879,7,1286
1880,7,1286
1881,6,711
1882,7,1286
1883,6,711
1884,6,711
1885,7,1286
1886,7,1286
1887,6,711
1888,7,1286
1889,6,711
1890,7,1286
1891,7,1286
1892,9,916
1893,5,460
1894,5,460
1895,7,1286
1896,10,762
1897,11,720
1898,12,548
1899,15,140
1900,16,62
1901,16,62
1902,12,548
1903,10,762
1904,11,720
1905,13,377
1906,13,377
1907,14,229
1908,12,548
1909,11,720
1910,13,377
1911,13,377
1912,13,377
1913,13,377
1914,9,916
1915,10,762
1916,11,720
1917,5,460
1918,5,460
1919,7,1286
1920,9,916
1921,9,916
1922,9,916
1923,7,1286
1924,7,1286
1925,10,762
1926,8,980
1927,8,980
1928,11,720
1929,11,720
1930,13,377
1931,11,720
1932,10,762
1933,9,916
1934,9,916
1935,9,916
1936,8,980
1937,11,720
1938,9,916
1939,6,711
1940,7,1286
1941,11,720
1942,11,720
1943,15,140
1944,9,916
1945,9,916
1946,8,980
1947,7,1286
1948,7,1286
1949,11,720
1950,10,762
1951,9,916
1952,13,377
1953,6,711
1954,6,711
1955,6,711
1956,7,1286
1957,7,1286
1958,9,916
1959,5,460
1960,7,1286
1961,6,711
1962,6,711
1963,5,460
1964,5,460
1965,8,980
1966,8,980
1967,12,548
1968,10,762
1969,10,762
1970,13,377
1971,8,980
1972,8,980
1973,9,916
1974,10,762
1975,10,762
1976,11,720
1977,14,229
1978,14,229
1979,8,980
1980,12,548
1981,11,720
1982,9,916
1983,11,720
1984,10,762
1985,12,548
1986,6,711
1987,7,1286
1988,9,916
1989,9,916
1990,9,916
1991,9,916
1992,9,916
1993,9,916
1994,7,1286
1995,7,1286
1996,7,1286
1997,9,916
1998,6,711
1999,6,711
2000,6,711
2001,7,1286
2002,9,916
2003,10,762
2004,7,1286
2005,9,916
2006,5,460
2007,5,460
2008,6,711
2009,5,460
2010,8,980
2011,9,916
2012,9,916
2013,8,980
2014,8,980
2015,11,720
2016,8,980
2017,8,980
2018,10,762
2019,9,916
2020,7,1286
2021,7,1286
2022,13,377
2023,13,377
2024,14,229
2025,7,1286
2026,7,1286
2027,8,980
2028,11,720
2029,12,548
2030,11,720
2031,11,720
2032,12,548
2033,14,229
2034,10,762
2035,14,229
2036,13,377
2037,10,762
2038,11,720
2039,12,548
2040,6,711
2041,6,711
2042,8,980
2043,7,1286
2044,7,1286
2045,7,1286
2046,7,1286
2047,7,1286
2048,8,980
2049,11,720
2050,11,720
2051,8,980
2052,7,1286
2053,7,1286
2054,6,711
2055,8,980
2056,8,980
2057,10,762
2058,7,1286
2059,7,1286
2060,7,1286
2061,10,762
2062,9,916
2063,11,720
2064,8,980
2065,9,916
2066,10,762
2067,9,916
2068,9,916
2069,10,762
2070,9,916
2071,9,916
2072,12,548
2073,6,711
2074,7,1286
2075,9,916
2076,7,1286
2077,7,1286
2078,8,980
2079,13,377
2080,13,377
2081,14,229
2082,11,720
2083,12,548
2084,10,762
2085,11,720
2086,11,720
2087,9,916
2088,7,1286
2089,7,1286
2090,9,916
2091,14,229
2092,12,548
2093,13,377
2094,7,1286
2095,7,1286
2096,8,980
2097,7,1286
2098,7,1286
2099,7,1286
2100,13,377
2101,14,229
2102,16,62
2103,11,720
2104,12,548
2105,11,720
2106,13,377
2107,11,720
2108,11,720
2109,6,711
2110,6,711
2111,8,980
2112,8,980
2113,8,980
2114,9,916
2115,10,762
2116,10,762
2117,11,720
2118,10,762
2119,11,720
2120,13,377
2121,7,1286
2122,7,1286
2123,7,1286
2124,16,62
2125,14,229
2126,19,9
2127,7,1286
2128,7,1286
2129,10,762
2130,9,916
2131,7,1286
2132,5,460
2133,15,140
2134,14,229
2135,17,48
2136,15,140
2137,14,229
2138,19,9
2139,9,916
2140,11,720
2141,11,720
2142,6,711
2143,6,711
2144,9,916
2145,9,916
2146,9,916
2147,9,916
2148,5,460
2149,5,460
2150,6,711
2151,7,1286
2152,7,1286
2153,6,711
2154,6,711
2155,6,711
2156,6,711
2157,7,1286
2158,7,1286
2159,6,711
2160,7,1286
2161,5,460
2162,6,711
2163,9,916
2164,9,916
2165,5,460
2166,7,1286
2167,7,1286
2168,8,980
2169,9,916
2170,7,1286
2171,7,1286
2172,7,1286
2173,7,1286
2174,8,980
2175,8,980
2176,8,980
2177,7,1286
2178,11,720
2179,11,720
2180,12,548
2181,6,711
2182,7,1286
2183,6,711
2184,7,1286
2185,7,1286
2186,9,916
2187,7,1286
2188,7,1286
2189,8,980
2190,10,762
2191,10,762
2192,6,711
2193,15,140
2194,10,762
2195,11,720
2196,8,980
2197,8,980
2198,9,916
2199,6,711
2200,6,711
2201,6,711
2202,6,711
2203,6,711
2204,7,1286
2205,8,980
2206,7,1286
2207,8,980
2208,9,916
2209,7,1286
2210,7,1286
2211,14,229
2212,14,229
2213,17,48
2214,8,980
2215,8,980
2216,8,980
2217,9,916
2218,8,980
2219,13,377
2220,4,30
2221,4,30
2222,5,460
2223,11,720
2224,11,720
2225,11,720
2226,8,980
2227,9,916
2228,11,720
2229,11,720
2230,10,762
2231,11,720
2232,9,916
2233,9,916
2234,10,762
2235,5,460
2236,5,460
2237,7,1286
2238,5,460
2239,5,460
2240,7,1286
2241,8,980
2242,8,980
2243,8,980
2244,5,460
2245,5,460
2246,7,1286
2247,6,711
2248,6,711
2249,6,711
2250,8,980
2251,9,916
2252,9,916
2253,8,980
2254,9,916
2255,11,720
2256,4,30
2257,4,30
2258,6,711
2259,6,711
2260,7,1286
2261,9,916
2262,6,711
2263,6,711
2264,7,1286
2265,7,1286
2266,7,1286
2267,8,980
2268,6,711
2269,7,1286
2270,5,460
2271,8,980
2272,8,980
2273,5,460
2274,9,916
2275,10,762
2276,11,720
2277,11,720
2278,10,762
2279,13,377
2280,10,762
2281,10,762
2282,11,720
2283,12,548
2284,12,548
2285,10,762
2286,9,916
2287,9,916
2288,6,711
2289,12,548
2290,11,720
2291,6,711
2292,11,720
2293,11,720
2294,12,548
2295,6,711
2296,6,711
2297,7,1286
2298,8,980
2299,8,980
2300,9,916
2301,12,548
2302,12,548
2303,10,762
2304,8,980
2305,7,1286
2306,7,1286
2307,5,460
2308,5,460
2309,8,980
2310,9,916
2311,9,916
2312,9,916
2313,7,1286
2314,7,1286
2315,7,1286
2316,8,980
2317,11,720
2318,6,711
2319,7,1286
2320,8,980
2321,10,762
2322,5,460
2323,5,460
2324,6,711
2325,16,62
2326,14,229
2327,12,548
2328,9,916
2329,9,916
2330,9,916
2331,8,980
2332,8,980
2333,9,916
2334,13,377
2335,11,720
2336,14,229
2337,7,1286
2338,8,980
2339,9,916
2340,8,980
2341,6,711
2342,6,711
2343,8,980
2344,7,1286
2345,9,916
2346,7,1286
2347,6,711
2348,6,711
2349,12,548
2350,12,548
2351,12,548
2352,13,377
2353,13,377
2354,11,720
2355,8,980
2356,8,980
2357,7,1286
2358,12,548
2359,11,720
2360,10,762
2361,9,916
2362,9,916
2363,12,548
2364,7,1286
2365,7,1286
2366,9,916
2367,9,916
2368,11,720
2369,8,980
2370,9,916
2371,11,720
2372,9,916
2373,12,548
2374,11,720
2375,10,762
2376,10,762
2377,10,762
2378,10,762
2379,12,548
2380,10,762
2381,12,548
2382,7,1286
2383,7,1286
2384,9,916
2385,15,140
2386,13,377
2387,13,377
2388,7,1286
2389,7,1286
2390,7,1286
2391,7,1286
2392,7,1286
2393,9,916
2394,15,140
2395,17,48
2396,14,229
2397,10,762
2398,10,762
2399,10,762
2400,4,30
2401,4,30
2402,6,711
2403,11,720
2404,11,720
2405,11,720
2406,10,762
2407,11,720
2408,10,762
2409,9,916
2410,10,762
2411,9,916
2412,11,720
2413,9,916
2414,10,762
2415,10,762
2416,10,762
2417,12,548
2418,14,229
2419,14,229
2420,14,229
2421,14,229
2422,15,140
2423,15,140
2424,16,62
2425,16,62
2426,17,48
2427,13,377
2428,13,377
2429,14,229
2430,12,548
2431,13,377
2432,11,720
2433,7,1286
2434,7,1286
2435,7,1286
2436,8,980
2437,7,1286
2438,9,916
2439,5,460
2440,5,460
2441,6,711
2442,7,1286
2443,6,711
2444,8,980
2445,7,1286
2446,6,711
2447,8,980
2448,7,1286
2449,7,1286
2450,6,711
2451,8,980
2452,8,980
2453,7,1286
2454,6,711
2455,7,1286
2456,7,1286
2457,8,980
2458,9,916
2459,8,980
2460,7,1286
2461,7,1286
2462,10,762
2463,7,1286
2464,7,1286
2465,10,762
2466,8,980
2467,7,1286
2468,8,980
2469,6,711
2470,7,1286
2471,9,916
2472,6,711
2473,7,1286
2474,7,1286
2475,8,980
2476,8,980
2477,9,916
2478,8,980
2479,9,916
2480,7,1286
2481,5,460
2482,6,711
2483,6,711
2484,7,1286
2485,7,1286
2486,6,711
2487,9,916
2488,9,916
2489,7,1286
2490,8,980
2491,8,980
2492,10,762
2493,5,460
2494,5,460
2495,7,1286
2496,7,1286
2497,7,1286
2498,6,711
2499,10,762
2500,10,762
2501,9,916
2502,11,720
2503,9,916
2504,8,980
2505,11,720
2506,11,720
2507,11,720
2508,12,548
2509,12,548
2510,14,229
2511,6,711
2512,6,711
2513,6,711
2514,6,711
2515,6,711
2516,7,1286
2517,10,762
2518,8,980
2519,9,916
2520,13,377
2521,13,377
2522,14,229
2523,9,916
2524,10,762
2525,12,548
2526,11,720
2527,11,720
2528,12,548
2529,6,711
2530,7,1286
2531,5,460
2532,7,1286
2533,7,1286
2534,8,980
2535,5,460
2536,5,460
2537,6,711
2538,5,460
2539,5,460
2540,8,980
2541,10,762
2542,8,980
2543,12,548
2544,9,916
2545,9,916
2546,9,916
2547,5,460
2548,5,460
2549,6,711
2550,5,460
2551,7,1286
2552,6,711
2553,11,720
2554,10,762
2555,10,762
2556,7,1286
2557,5,460
2558,7,1286
2559,9,916
2560,8,980
2561,9,916
2562,8,980
2563,5,460
2564,10,762
2565,9,916
2566,7,1286
2567,8,980
2568,5,460
2569,5,460
2570,6,711
2571,11,720
2572,9,916
2573,12,548
2574,9,916
2575,9,916
2576,8,980
2577,9,916
2578,9,916
2579,7,1286
2580,7,1286
2581,6,711
2582,6,711
2583,6,711
2584,8,980
2585,6,711
2586,6,711
2587,7,1286
2588,7,1286
2589,15,140
2590,13,377
2591,13,377
2592,7,1286
2593,8,980
2594,8,980
2595,13,377
2596,13,377
2597,11,720
2598,4,30
2599,5,460
2600,8,980
2601,6,711
2602,7,1286
2603,6,711
2604,9,916
2605,9,916
2606,11,720
2607,8,980
2608,8,980
2609,9,916
2610,6,711
2611,6,711
2612,6,711
2613,5,460
2614,5,460
2615,8,980
2616,9,916
2617,9,916
2618,10,762
2619,7,1286
2620,5,460
2621,6,711
2622,6,711
2623,6,711
2624,8,980
2625,10,762
2626,10,762
2627,10,762
2628,13,377
2629,13,377
2630,12,548
2631,14,229
2632,10,762
2633,12,548
2634,14,229
2635,14,229
2636,10,762
2637,13,377
2638,13,377
2639,10,762
2640,8,980
2641,9,916
2642,9,916
2643,7,1286
2644,7,1286
2645,7,1286
2646,8,980
2647,8,980
2648,8,980
2649,11,720
2650,11,720
2651,14,229
2652,10,762
2653,10,762
2654,11,720
2655,15,140
2656,16,62
2657,18,10
2658,11,720
2659,11,720
2660,9,916
2661,12,548
2662,12,548
2663,11,720
2664,8,980
2665,8,980
2666,8,980
2667,5,460
2668,7,1286
2669,5,460
2670,4,30
2671,7,1286
2672,6,711
2673,10,762
2674,10,762
2675,7,1286
2676,7,1286
2677,7,1286
2678,9,916
2679,7,1286
2680,7,1286
2681,9,916
2682,10,762
2683,9,916
2684,11,720
2685,13,377
2686,13,377
2687,14,229
2688,9,916
2689,10,762
2690,9,916
2691,10,762
2692,8,980
2693,11,720
2694,17,48
2695,13,377
2696,13,377
2697,8,980
2698,8,980
2699,10,762
2700,6,711
2701,6,711
2702,6,711
2703,8,980
2704,10,762
2705,7,1286
2706,6,711
2707,6,711
2708,7,1286
2709,7,1286
2710,5,460
2711,8,980
2712,5,460
2713,5,460
2714,6,711
2715,5,460
2716,5,460
2717,5,460
2718,5,460
2719,5,460
2720,6,711
2721,9,916
2722,7,1286
2723,9,916
2724,10,762
2725,10,762
2726,12,548
2727,5,460
2728,5,460
2729,7,1286
2730,7,1286
2731,7,1286
2732,9,916
2733,8,980
2734,7,1286
2735,8,980
2736,5,460
2737,5,460
2738,7,1286
2739,9,916
2740,7,1286
2741,7,1286
2742,11,720
2743,11,720
2744,11,720
2745,11,720
2746,9,916
2747,11,720
2748,7,1286
2749,7,1286
2750,9,916
2751,10,762
2752,10,762
2753,11,720
2754,13,377
2755,12,548
2756,13,377
2757,7,1286
2758,7,1286
2759,7,1286
2760,8,980
2761,8,980
2762,6,711
2763,13,377
2764,14,229
2765,14,229
2766,8,980
2767,7,1286
2768,8,980
2769,7,1286
2770,9,916
2771,11,720
2772,6,711
2773,6,711
2774,7,1286
2775,8,980
2776,7,1286
2777,7,1286
2778,12,548
2779,10,762
2780,12,548
2781,11,720
2782,11,720
2783,11,720
2784,8,980
2785,8,980
2786,9,916
2787,8,980
2788,8,980
2789,8,980
2790,6,711
2791,6,711
2792,6,711
2793,6,711
2794,6,711
2795,7,1286
2796,7,1286
2797,7,1286
2798,7,1286
2799,8,980
2800,8,980
2801,8,980
2802,8,980
2803,9,916
2804,9,916
2805,7,1286
2806,7,1286
2807,8,980
2808,7,1286
2809,9,916
2810,8,980
2811,13,377
2812,14,229
2813,14,229
2814,13,377
2815,10,762
2816,8,980
2817,14,229
2818,14,229
2819,15,140
2820,10,762
2821,8,980
2822,12,548
2823,10,762
2824,11,720
2825,11,720
2826,10,762
2827,10,762
2828,8,980
2829,10,762
2830,7,1286
2831,9,916
2832,11,720
2833,12,548
2834,12,548
2835,11,720
2836,11,720
2837,12,548
2838,11,720
2839,11,720
2840,14,229
2841,8,980
2842,8,980
2843,11,720
2844,6,711
2845,7,1286
2846,8,980
2847,11,720
2848,11,720
2849,12,548
2850,9,916
2851,8,980
2852,10,762
2853,8,980
2854,9,916
2855,11,720
2856,11,720
2857,11,720
2858,11,720
2859,6,711
2860,7,1286
2861,6,711
2862,11,720
2863,11,720
2864,11,720
2865,8,980
2866,8,980
2867,8,980
2868,9,916
2869,9,916
2870,10,762
2871,7,1286
2872,7,1286
2873,8,980
2874,7,1286
2875,7,1286
2876,8,980
2877,5,460
2878,6,711
2879,6,711
2880,5,460
2881,6,711
2882,7,1286
2883,10,762
2884,11,720
2885,11,720
2886,15,140
2887,16,62
2888,17,48
2889,10,762
2890,10,762
2891,11,720
2892,16,62
2893,13,377
2894,20,4
2895,14,229
2896,12,548
2897,15,140
2898,8,980
2899,8,980
2900,8,980
2901,15,140
2902,14,229
2903,15,140
2904,15,140
2905,13,377
2906,15,140
2907,7,1286
2908,7,1286
2909,6,711
2910,9,916
2911,7,1286
2912,10,762
2913,8,980
2914,7,1286
2915,8,980
2916,12,548
2917,12,548
2918,13,377
2919,10,762
2920,9,916
2921,13,377
2922,7,1286
2923,7,1286
2924,8,980
2925,10,762
2926,10,762
2927,11,720
2928,7,1286
2929,8,980
2930,8,980
2931,8,980
2932,9,916
2933,7,1286
2934,8,980
2935,9,916
2936,8,980
2937,13,377
2938,13,377
2939,14,229
2940,10,762
2941,10,762
2942,8,980
2943,12,548
2944,12,548
2945,14,229
2946,10,762
2947,11,720
2948,7,1286
2949,7,1286
2950,7,1286
2951,5,460
2952,7,1286
2953,7,1286
2954,8,980
2955,9,916
2956,9,916
2957,11,720
2958,7,1286
2959,8,980
2960,9,916
2961,7,1286
2962,8,980
2963,8,980
2964,9,916
2965,9,916
2966,10,762
2967,8,980
2968,6,711
2969,7,1286
2970,10,762
2971,9,916
2972,10,762
2973,10,762
2974,7,1286
2975,6,711
2976,10,762
2977,10,762
2978,11,720
2979,11,720
2980,11,720
2981,12,548
2982,12,548
2983,13,377
2984,12,548
2985,10,762
2986,10,762
2987,9,916
2988,12,548
2989,12,548
2990,13,377
2991,10,762
2992,10,762
2993,10,762
2994,10,762
2995,10,762
2996,12,548
2997,7,1286
2998,7,1286
2999,7,1286
3000,9,916
3001,9,916
3002,6,711
3003,9,916
3004,7,1286
3005,9,916
3006,14,229
3007,15,140
3008,16,62
3009,9,916
3010,9,916
3011,8,980
3012,9,916
3013,9,916
3014,11,720
3015,7,1286
3016,8,980
3017,7,1286
3018,8,980
3019,8,980
3020,9,916
3021,7,1286
3022,8,980
3023,7,1286
3024,8,980
3025,8,980
3026,10,762
3027,13,377
3028,13,377
3029,15,140
3030,10,762
3031,10,762
3032,11,720
3033,6,711
3034,6,711
3035,7,1286
3036,5,460
3037,5,460
3038,6,711
3039,7,1286
3040,8,980
3041,8,980
3042,11,720
3043,11,720
3044,9,916
3045,12,548
3046,11,720
3047,12,548
3048,7,1286
3049,7,1286
3050,5,460
3051,14,229
3052,14,229
3053,13,377
3054,12,548
3055,12,548
3056,13,377
3057,12,548
3058,12,548
3059,10,762
3060,14,229
3061,15,140
3062,15,140
3063,12,548
3064,12,548
3065,9,916
3066,19,9
3067,19,9
3068,20,4
3069,11,720
3070,11,720
3071,13,377
3072,8,980
3073,8,980
3074,9,916
3075,6,711
3076,6,711
3077,7,1286
3078,10,762
3079,10,762
3080,11,720
3081,7,1286
3082,7,1286
3083,6,711
3084,13,377
3085,11,720
3086,12,548
3087,12,548
3088,12,548
3089,11,720
3090,11,720
3091,11,720
3092,10,762
3093,10,762
3094,10,762
3095,13,377
3096,8,980
3097,8,980
3098,10,762
3099,10,762
3100,10,762
3101,10,762
3102,14,229
3103,15,140
3104,13,377
3105,7,1286
3106,7,1286
3107,5,460
3108,8,980
3109,9,916
3110,6,711
3111,7,1286
3112,7,1286
3113,10,762
3114,11,720
3115,11,720
3116,12,548
3117,11,720
3118,11,720
3119,9,916
3120,6,711
3121,6,711
3122,8,980
3123,10,762
3124,10,762
3125,11,720
3126,11,720
3127,11,720
3128,12,548
3129,6,711
3130,7,1286
3131,7,1286
3132,6,711
3133,6,711
3134,8,980
3135,5,460
3136,5,460
3137,6,711
3138,6,711
3139,5,460
3140,6,711
3141,5,460
3142,7,1286
3143,6,711
3144,5,460
3145,5,460
3146,7,1286
3147,7,1286
3148,7,1286
3149,8,980
3150,6,711
3151,6,711
3152,6,711
3153,8,980
3154,7,1286
3155,9,916
3156,10,762
3157,10,762
3158,11,720
3159,10,762
3160,10,762
3161,9,916
3162,6,711
3163,5,460
3164,9,916
3165,6,711
3166,7,1286
3167,9,916
3168,6,711
3169,6,711
3170,7,1286
3171,13,377
3172,13,377
3173,12,548
3174,9,916
3175,8,980
3176,6,711
3177,6,711
3178,7,1286
3179,7,1286
3180,9,916
3181,7,1286
3182,9,916
3183,8,980
3184,7,1286
3185,6,711
3186,5,460
3187,5,460
3188,7,1286
3189,9,916
3190,7,1286
3191,8,980
3192,5,460
3193,5,460
3194,6,711
3195,11,720
3196,11,720
3197,12,548
3198,10,762
3199,11,720
3200,11,720
3201,12,548
3202,13,377
3203,11,720
3204,8,980
3205,7,1286
3206,7,1286
3207,8,980
3208,8,980
3209,6,711
3210,7,1286
3211,7,1286
3212,8,980
3213,6,711
3214,7,1286
3215,10,762
3216,11,720
3217,11,720
3218,8,980
3219,7,1286
3220,8,980
3221,9,916
3222,10,762
3223,9,916
3224,11,720
3225,10,762
3226,9,916
3227,7,1286
3228,11,720
3229,11,720
3230,13,377
3231,11,720
3232,11,720
3233,11,720
3234,8,980
3235,7,1286
3236,8,980
3237,9,916
3238,9,916
3239,9,916
3240,14,229
3241,14,229
3242,17,48
3243,7,1286
3244,8,980
3245,7,1286
3246,7,1286
3247,7,1286
3248,5,460
3249,11,720
3250,9,916
3251,11,720
3252,6,711
3253,5,460
3254,5,460
3255,12,548
3256,11,720
3257,11,720
3258,9,916
3259,9,916
3260,11,720
3261,15,140
3262,16,62
3263,16,62
3264,9,916
3265,9,916
3266,7,1286
3267,9,916
3268,9,916
3269,8,980
3270,7,1286
3271,7,1286
3272,8,980
3273,5,460
3274,5,460
3275,8,980
3276,5,460
3277,5,460
3278,7,1286
3279,8,980
3280,8,980
3281,6,711
3282,9,916
3283,7,1286
3284,8,980
3285,5,460
3286,5,460
3287,7,1286
3288,7,1286
3289,7,1286
3290,6,711
3291,7,1286
3292,7,1286
3293,8,980
3294,12,548
3295,11,720
3296,9,916
3297,11,720
3298,11,720
3299,7,1286
3300,7,1286
3301,7,1286
3302,8,980
3303,9,916
3304,9,916
3305,10,762
3306,8,980
3307,8,980
3308,6,711
3309,8,980
3310,8,980
3311,11,720
3312,10,762
3313,8,980
3314,10,762
3315,10,762
3316,10,762
3317,9,916
3318,9,916
3319,8,980
3320,9,916
3321,7,1286
3322,7,1286
3323,6,711
3324,7,1286
3325,7,1286
3326,7,1286
3327,7,1286
3328,7,1286
3329,6,711
3330,11,720
3331,12,548
3332,9,916
3333,6,711
3334,6,711
3335,7,1286
3336,6,711
3337,6,711
3338,5,460
3339,5,460
3340,5,460
3341,6,711
3342,8,980
3343,5,460
3344,8,980
3345,10,762
3346,9,916
3347,11,720
3348,6,711
3349,5,460
3350,7,1286
3351,9,916
3352,9,916
3353,8,980
3354,8,980
3355,8,980
3356,6,711
3357,9,916
3358,9,916
3359,11,720
3360,11,720
3361,13,377
3362,13,377
3363,12,548
3364,12,548
3365,8,980
3366,11,720
3367,14,229
3368,11,720
3369,10,762
3370,10,762
3371,12,548
3372,10,762
3373,10,762
3374,9,916
3375,8,980
3376,8,980
3377,11,720
3378,13,377
3379,13,377
3380,14,229
3381,11,720
3382,11,720
3383,10,762
3384,13,377
3385,10,762
3386,12,548
3387,14,229
3388,11,720
3389,12,548
3390,7,1286
3391,8,980
3392,8,980
3393,13,377
3394,13,377
3395,14,229
3396,6,711
3397,7,1286
3398,6,711
3399,8,980
3400,9,916
3401,8,980
3402,5,460
3403,5,460
3404,6,711
3405,11,720
3406,11,720
3407,11,720
3408,6,711
3409,7,1286
3410,7,1286
3411,13,377
3412,14,229
3413,14,229
3414,10,762
3415,10,762
3416,7,1286
3417,5,460
3418,5,460
3419,6,711
3420,9,916
3421,9,916
3422,12,548
3423,12,548
3424,12,548
3425,12,548
3426,5,460
3427,5,460
3428,5,460
3429,10,762
3430,10,762
3431,12,548
3432,14,229
3433,15,140
3434,11,720
3435,7,1286
3436,8,980
3437,10,762
3438,9,916
3439,9,916
3440,12,548
3441,11,720
3442,12,548
3443,14,229
3444,9,916
3445,9,916
3446,10,762
3447,9,916
3448,9,916
3449,11,720
3450,7,1286
3451,7,1286
3452,9,916
3453,12,548
3454,12,548
3455,13,377
3456,12,548
3457,12,548
3458,14,229
3459,7,1286
3460,7,1286
3461,9,916
3462,7,1286
3463,7,1286
3464,5,460
3465,7,1286
3466,7,1286
3467,9,916
3468,10,762
3469,8,980
3470,8,980
3471,10,762
3472,8,980
3473,9,916
3474,6,711
3475,7,1286
3476,10,762
3477,7,1286
3478,7,1286
3479,9,916
3480,12,548
3481,12,548
3482,11,720
3483,10,762
3484,9,916
3485,11,720
3486,11,720
3487,12,548
3488,11,720
3489,6,711
3490,6,711
3491,7,1286
3492,7,1286
3493,7,1286
3494,9,916
3495,9,916
3496,7,1286
3497,10,762
3498,7,1286
3499,7,1286
3500,7,1286
3501,7,1286
3502,6,711
3503,8,980
3504,9,916
3505,9,916
3506,10,762
3507,11,720
3508,11,720
3509,12,548
3510,15,140
3511,16,62
3512,15,140
3513,13,377
3514,13,377
3515,13,377
3516,12,548
3517,12,548
3518,10,762
3519,11,720
3520,12,548
3521,12,548
3522,12,548
3523,12,548
3524,13,377
3525,9,916
3526,9,916
3527,10,762
3528,13,377
3529,13,377
3530,15,140
3531,11,720
3532,11,720
3533,13,377
3534,11,720
3535,11,720
3536,13,377
3537,12,548
3538,11,720
3539,12,548
3540,7,1286
3541,6,711
3542,7,1286
3543,11,720
3544,11,720
3545,12,548
3546,5,460
3547,5,460
3548,6,711
3549,7,1286
3550,7,1286
3551,8,980
3552,7,1286
3553,8,980
3554,8,980
3555,14,229
3556,14,229
3557,14,229
3558,7,1286
3559,7,1286
3560,9,916
3561,10,762
3562,6,711
3563,6,711
3564,8,980
3565,9,916
3566,11,720
3567,12,548
3568,13,377
3569,13,377
3570,9,916
3571,8,980
3572,9,916
3573,6,711
3574,6,711
3575,7,1286
3576,8,980
3577,8,980
3578,10,762
3579,10,762
3580,10,762
3581,8,980
3582,8,980
3583,6,711
3584,8,980
3585,7,1286
3586,7,1286
3587,7,1286
3588,5,460
3589,5,460
3590,8,980
3591,11,720
3592,12,548
3593,14,229
3594,11,720
3595,12,548
3596,13,377
3597,8,980
3598,8,980
3599,10,762
3600,10,762
3601,9,916
3602,11,720
3603,6,711
3604,6,711
3605,8,980
3606,7,1286
3607,7,1286
3608,10,762
3609,8,980
3610,8,980
3611,10,762
3612,8,980
3613,7,1286
3614,10,762
3615,10,762
3616,10,762
3617,13,377
3618,8,980
3619,8,980
3620,5,460
3621,6,711
3622,6,711
3623,8,980
3624,11,720
3625,9,916
3626,7,1286
3627,7,1286
3628,7,1286
3629,6,711
3630,7,1286
3631,7,1286
3632,10,762
3633,5,460
3634,5,460
3635,7,1286
3636,5,460
3637,5,460
3638,5,460
3639,10,762
3640,10,762
3641,6,711
3642,6,711
3643,6,711
3644,8,980
3645,8,980
3646,8,980
3647,10,762
3648,8,980
3649,8,980
3650,5,460
3651,10,762
3652,10,762
3653,10,762
3654,11,720
3655,11,720
3656,12,548
3657,8,980
3658,8,980
3659,8,980
3660,16,62
3661,14,229
3662,17,48
3663,12,548
3664,12,548
3665,9,916
3666,12,548
3667,12,548
3668,10,762
3669,16,62
3670,16,62
3671,15,140
3672,12,548
3673,12,548
3674,11,720
3675,14,229
3676,14,229
3677,9,916
3678,7,1286
3679,7,1286
3680,9,916
3681,13,377
3682,12,548
3683,12,548
3684,6,711
3685,5,460
3686,7,1286
3687,8,980
3688,8,980
3689,7,1286
3690,8,980
3691,8,980
3692,12,548
3693,5,460
3694,6,711
3695,8,980
3696,6,711
3697,6,711
3698,6,711
3699,8,980
3700,9,916
3701,8,980
3702,12,548
3703,12,548
3704,11,720
3705,13,377
3706,11,720
3707,15,140
3708,7,1286
3709,7,1286
3710,8,980
3711,10,762
3712,9,916
3713,10,762
3714,9,916
3715,9,916
3716,6,711
3717,6,711
3718,6,711
3719,7,1286
3720,7,1286
3721,7,1286
3722,8,980
3723,7,1286
3724,7,1286
3725,7,1286
3726,8,980
3727,8,980
3728,8,980
3729,6,711
3730,6,711
3731,6,711
3732,16,62
3733,16,62
3734,16,62
3735,12,548
3736,12,548
3737,15,140
3738,13,377
3739,13,377
3740,12,548
3741,12,548
3742,12,548
3743,11,720
3744,11,720
3745,11,720
3746,10,762
3747,12,548
3748,12,548
3749,11,720
3750,13,377
3751,13,377
3752,9,916
3753,11,720
3754,11,720
3755,12,548
3756,11,720
3757,11,720
3758,12,548
3759,15,140
3760,15,140
3761,16,62
3762,15,140
3763,15,140
3764,15,140
3765,8,980
3766,10,762
3767,9,916
3768,12,548
3769,13,377
3770,13,377
3771,12,548
3772,14,229
3773,14,229
3774,7,1286
3775,7,1286
3776,7,1286
3777,5,460
3778,5,460
3779,7,1286
3780,8,980
3781,8,980
3782,7,1286
3783,13,377
3784,13,377
3785,13,377
3786,9,916
3787,9,916
3788,11,720
3789,10,762
3790,11,720
3791,11,720
3792,7,1286
3793,7,1286
3794,6,711
3795,12,548
3796,12,548
3797,14,229
3798,9,916
3799,9,916
3800,11,720
3801,7,1286
3802,6,711
3803,6,711
3804,11,720
3805,12,548
3806,13,377
3807,5,460
3808,5,460
3809,6,711
3810,5,460
3811,5,460
3812,7,1286
3813,5,460
3814,5,460
3815,6,711
3816,13,377
3817,12,548
3818,10,762
3819,11,720
3820,8,980
3821,12,548
3822,6,711
3823,7,1286
3824,5,460
3825,6,711
3826,7,1286
3827,7,1286
3828,10,762
3829,10,762
3830,11,720
3831,7,1286
3832,7,1286
3833,7,1286
3834,7,1286
3835,9,916
3836,9,916
3837,13,377
3838,13,377
3839,11,720
3840,11,720
3841,12,548
3842,10,762
3843,16,62
3844,16,62
3845,10,762
3846,14,229
3847,14,229
3848,10,762
3849,6,711
3850,6,711
3851,8,980
3852,12,548
3853,11,720
3854,8,980
3855,9,916
3856,10,762
3857,11,720
3858,11,720
3859,12,548
3860,12,548
3861,11,720
3862,12,548
3863,11,720
3864,7,1286
3865,7,1286
3866,10,762
3867,9,916
3868,9,916
3869,10,762
3870,8,980
3871,9,916
3872,5,460
3873,6,711
3874,7,1286
3875,9,916
3876,7,1286
3877,7,1286
3878,6,711
3879,7,1286
3880,7,1286
3881,8,980
3882,14,229
3883,13,377
3884,14,229
3885,5,460
3886,5,460
3887,6,711
3888,13,377
3889,12,548
3890,12,548
3891,12,548
3892,12,548
3893,11,720
3894,15,140
3895,16,62
3896,13,377
3897,14,229
3898,13,377
3899,15,140
3900,13,377
3901,13,377
3902,14,229
3903,13,377
3904,11,720
3905,14,229
3906,12,548
3907,11,720
3908,13,377
3909,7,1286
3910,9,916
3911,9,916
3912,11,720
3913,11,720
3914,12,548
3915,9,916
3916,8,980
3917,9,916
3918,12,548
3919,12,548
3920,10,762
3921,12,548
3922,12,548
3923,10,762
3924,10,762
3925,10,762
3926,10,762
3927,8,980
3928,8,980
3929,6,711
3930,10,762
3931,10,762
3932,10,762
3933,12,548
3934,12,548
3935,14,229
3936,14,229
3937,11,720
3938,14,229
3939,7,1286
3940,7,1286
3941,8,980
3942,10,762
3943,11,720
3944,11,720
3945,7,1286
3946,7,1286
3947,8,980
3948,7,1286
3949,7,1286
3950,8,980
3951,6,711
3952,5,460
3953,5,460
3954,7,1286
3955,7,1286
3956,8,980
3957,17,48
3958,17,48
3959,17,48
3960,7,1286
3961,7,1286
3962,7,1286
3963,8,980
3964,9,916
3965,7,1286
3966,6,711
3967,5,460
3968,6,711
3969,14,229
3970,15,140
3971,17,48
3972,12,548
3973,13,377
3974,13,377
3975,8,980
3976,8,980
3977,7,1286
3978,9,916
3979,9,916
3980,11,720
3981,8,980
3982,7,1286
3983,8,980
3984,13,377
3985,13,377
3986,13,377
3987,11,720
3988,12,548
3989,12,548
3990,8,980
3991,7,1286
3992,8,980
3993,10,762
3994,10,762
3995,11,720
3996,9,916
3997,10,762
3998,8,980
3999,11,720
4000,11,720
4001,12,548
4002,13,377
4003,13,377
4004,15,140
4005,13,377
4006,13,377
4007,12,548
4008,7,1286
4009,8,980
4010,9,916
4011,7,1286
4012,8,980
4013,10,762
4014,7,1286
4015,8,980
4016,10,762
4017,5,460
4018,6,711
4019,6,711
4020,11,720
4021,11,720
4022,14,229
4023,7,1286
4024,7,1286
4025,9,916
4026,7,1286
4027,7,1286
4028,8,980
4029,12,548
4030,12,548
4031,13,377
4032,13,377
4033,13,377
4034,15,140
4035,5,460
4036,6,711
4037,7,1286
4038,8,980
4039,8,980
4040,8,980
4041,5,460
4042,5,460
4043,6,711
4044,6,711
4045,6,711
4046,7,1286
4047,6,711
4048,6,711
4049,7,1286
4050,10,762
4051,11,720
4052,11,720
4053,10,762
4054,10,762
4055,10,762
4056,12,548
4057,12,548
4058,12,548
4059,13,377
4060,9,916
4061,7,1286
4062,9,916
4063,9,916
4064,11,720
4065,8,980
4066,8,980
4067,11,720
4068,12,548
4069,9,916
4070,9,916
4071,8,980
4072,7,1286
4073,8,980
4074,7,1286
4075,8,980
4076,9,916
4077,5,460
4078,5,460
4079,6,711
4080,10,762
4081,10,762
4082,9,916
4083,5,460
4084,5,460
4085,7,1286
4086,10,762
4087,11,720
4088,11,720
4089,15,140
4090,15,140
4091,17,48
4092,10,762
4093,11,720
4094,12,548
4095,7,1286
4096,7,1286
4097,8,980
4098,11,720
4099,9,916
4100,10,762
4101,10,762
4102,9,916
4103,6,711
4104,6,711
4105,7,1286
4106,8,980
4107,10,762
4108,10,762
4109,9,916
4110,9,916
4111,9,916
4112,12,548
4113,8,980
4114,8,980
4115,12,548
4116,11,720
4117,10,762
4118,9,916
4119,9,916
4120,9,916
4121,10,762
4122,14,229
4123,13,377
4124,13,377
4125,9,916
4126,9,916
4127,7,1286
4128,6,711
4129,7,1286
4130,10,762
4131,6,711
4132,7,1286
4133,5,460
4134,7,1286
4135,7,1286
4136,7,1286
4137,9,916
4138,8,980
4139,7,1286
4140,12,548
4141,12,548
4142,9,916
4143,5,460
4144,5,460
4145,6,711
4146,11,720
4147,10,762
4148,11,720
4149,8,980
4150,8,980
4151,9,916
4152,10,762
4153,9,916
4154,8,980
4155,9,916
4156,9,916
4157,10,762
4158,7,1286
4159,5,460
4160,7,1286
4161,5,460
4162,5,460
4163,7,1286
4164,7,1286
4165,8,980
4166,6,711
4167,10,762
4168,9,916
4169,10,762
4170,5,460
4171,5,460
4172,6,711
4173,15,140
4174,15,140
4175,18,10
4176,10,762
4177,8,980
4178,8,980
4179,11,720
4180,9,916
4181,7,1286
4182,8,980
4183,6,711
4184,8,980
4185,13,377
4186,12,548
4187,13,377
4188,5,460
4189,6,711
4190,9,916
4191,5,460
4192,5,460
4193,8,980
4194,11,720
4195,12,548
4196,13,377
4197,17,48
4198,15,140
4199,11,720
4200,11,720
4201,12,548
4202,11,720
4203,10,762
4204,12,548
4205,9,916
4206,6,711
4207,6,711
4208,8,980
4209,9,916
4210,9,916
4211,7,1286
4212,8,980
4213,9,916
4214,10,762
4215,16,62
4216,16,62
4217,13,377
4218,10,762
4219,9,916
4220,6,711
4221,9,916
4222,8,980
4223,11,720
4224,5,460
4225,4,30
4226,8,980
4227,13,377
4228,13,377
4229,12,548
4230,12,548
4231,11,720
4232,11,720
4233,8,980
4234,9,916
4235,11,720
4236,12,548
4237,12,548
4238,11,720
4239,5,460
4240,7,1286
4241,7,1286
4242,10,762
4243,10,762
4244,9,916
4245,11,720
4246,12,548
4247,14,229
4248,7,1286
4249,7,1286
4250,9,916
4251,7,1286
4252,6,711
4253,7,1286
4254,6,711
4255,6,711
4256,7,1286
4257,9,916
4258,8,980
4259,5,460
4260,17,48
4261,17,48
4262,11,720
4263,9,916
4264,9,916
4265,10,762
4266,6,711
4267,6,711
4268,7,1286
4269,8,980
4270,7,1286
4271,7,1286
4272,7,1286
4273,7,1286
4274,8,980
4275,8,980
4276,9,916
4277,9,916
4278,11,720
4279,11,720
4280,12,548
4281,14,229
4282,12,548
4283,14,229
4284,10,762
4285,9,916
4286,11,720
4287,7,1286
4288,5,460
4289,6,711
4290,7,1286
4291,7,1286
4292,7,1286
4293,6,711
4294,6,711
4295,6,711
4296,11,720
4297,11,720
4298,13,377
4299,11,720
4300,8,980
4301,9,916
4302,10,762
4303,10,762
4304,9,916
4305,8,980
4306,7,1286
4307,8,980
4308,6,711
4309,6,711
4310,6,711
4311,7,1286
4312,7,1286
4313,9,916
4314,6,711
4315,8,980
4316,5,460
4317,6,711
4318,9,916
4319,9,916
4320,14,229
4321,13,377
4322,15,140
4323,10,762
4324,10,762
4325,11,720
4326,11,720
4327,9,916
4328,9,916
4329,12,548
4330,12,548
4331,13,377
4332,9,916
4333,9,916
4334,11,720
4335,10,762
4336,12,548
4337,11,720
4338,8,980
4339,9,916
4340,11,720
4341,4,30
4342,7,1286
4343,7,1286
4344,5,460
4345,7,1286
4346,6,711
4347,6,711
4348,7,1286
4349,9,916
4350,7,1286
4351,7,1286
4352,9,916
4353,8,980
4354,10,762
4355,9,916
4356,8,980
4357,9,916
4358,12,548
4359,4,30
4360,7,1286
4361,7,1286
4362,4,30
4363,7,1286
4364,6,711
4365,13,377
4366,14,229
4367,14,229
4368,6,711
4369,5,460
4370,7,1286
4371,7,1286
4372,7,1286
4373,9,916
4374,9,916
4375,7,1286
4376,7,1286
4377,6,711
4378,5,460
4379,7,1286
4380,5,460
4381,5,460
4382,7,1286
4383,7,1286
4384,6,711
4385,7,1286
4386,9,916
4387,9,916
4388,12,548
4389,12,548
4390,8,980
4391,16,62
4392,5,460
4393,5,460
4394,6,711
4395,7,1286
4396,6,711
4397,6,711
4398,6,711
4399,6,711
4400,7,1286
4401,9,916
4402,10,762
4403,12,548
4404,5,460
4405,5,460
4406,6,711
4407,8,980
4408,8,980
4409,9,916
4410,11,720
4411,9,916
4412,10,762
4413,7,1286
4414,7,1286
4415,6,711
4416,10,762
4417,10,762
4418,11,720
4419,6,711
4420,6,711
4421,8,980
4422,6,711
4423,6,711
4424,7,1286
4425,6,711
4426,6,711
4427,8,980
4428,7,1286
4429,6,711
4430,6,711
4431,7,1286
4432,7,1286
4433,11,720
4434,7,1286
4435,7,1286
4436,7,1286
4437,6,711
4438,5,460
4439,7,1286
4440,7,1286
4441,7,1286
4442,8,980
4443,8,980
4444,6,711
4445,7,1286
4446,6,711
4447,7,1286
4448,9,916
4449,9,916
4450,9,916
4451,10,762
4452,7,1286
4453,7,1286
4454,8,980
4455,4,30
4456,5,460
4457,4,30
4458,6,711
4459,5,460
4460,6,711
4461,8,980
4462,9,916
4463,9,916
4464,10,762
4465,10,762
4466,9,916
4467,9,916
4468,9,916
4469,7,1286
4470,7,1286
4471,7,1286
4472,6,711
4473,5,460
4474,5,460
4475,6,711
4476,5,460
4477,5,460
4478,6,711
4479,12,548
4480,12,548
4481,12,548
4482,9,916
4483,9,916
4484,10,762
4485,10,762
4486,10,762
4487,10,762
4488,10,762
4489,10,762
4490,11,720
4491,10,762
4492,10,762
4493,11,720
4494,11,720
4495,11,720
4496,14,229
4497,6,711
4498,7,1286
4499,9,916
4500,8,980
4501,8,980
4502,6,711
4503,6,711
4504,7,1286
4505,9,916
4506,8,980
4507,6,711
4508,10,762
4509,7,1286
4510,7,1286
4511,5,460
4512,7,1286
4513,7,1286
4514,10,762
4515,8,980
4516,8,980
4517,6,711
4518,8,980
4519,8,980
4520,10,762
4521,7,1286
4522,9,916
4523,9,916
4524,12,548
4525,10,762
4526,8,980
4527,9,916
4528,10,762
4529,9,916
4530,10,762
4531,11,720
4532,7,1286
4533,11,720
4534,11,720
4535,10,762
4536,7,1286
4537,8,980
4538,11,720
4539,6,711
4540,6,711
4541,7,1286
4542,9,916
4543,10,762
4544,9,916
4545,6,711
4546,7,1286
4547,9,916
4548,7,1286
4549,7,1286
4550,9,916
4551,10,762
4552,11,720
4553,12,548
4554,10,762
4555,9,916
4556,9,916
4557,7,1286
4558,7,1286
4559,6,711
4560,18,10
4561,18,10
4562,19,9
4563,13,377
4564,13,377
4565,14,229
4566,8,980
4567,8,980
4568,8,980
4569,6,711
4570,7,1286
4571,7,1286
4572,11,720
4573,10,762
4574,9,916
4575,5,460
4576,5,460
4577,7,1286
4578,11,720
4579,11,720
4580,13,377
4581,9,916
4582,9,916
4583,8,980
4584,12,548
4585,11,720
4586,11,720
4587,10,762
4588,10,762
4589,9,916
4590,11,720
4591,11,720
4592,12,548
4593,9,916
4594,8,980
4595,8,980
4596,8,980
4597,8,980
4598,11,720
4599,6,711
4600,6,711
4601,7,1286
4602,10,762
4603,10,762
4604,7,1286
4605,6,711
4606,6,711
4607,6,711
4608,8,980
4609,8,980
4610,10,762
4611,5,460
4612,5,460
4613,8,980
4614,7,1286
4615,7,1286
4616,7,1286
4617,10,762
4618,8,980
4619,7,1286
4620,7,1286
4621,7,1286
4622,7,1286
4623,5,460
4624,5,460
4625,6,711
4626,11,720
4627,11,720
4628,11,720
4629,7,1286
4630,7,1286
4631,7,1286
4632,8,980
4633,9,916
4634,10,762
4635,12,548
4636,12,548
4637,12,548
4638,9,916
4639,9,916
4640,11,720
4641,12,548
4642,12,548
4643,8,980
4644,12,548
4645,10,762
4646,11,720
4647,5,460
4648,5,460
4649,8,980
4650,19,9
4651,19,9
4652,19,9
4653,16,62
4654,17,48
4655,17,48
4656,10,762
4657,12,548
4658,11,720
4659,15,140
4660,15,140
4661,14,229
4662,8,980
4663,9,916
4664,12,548
4665,7,1286
4666,7,1286
4667,5,460
4668,5,460
4669,7,1286
4670,6,711
4671,8,980
4672,8,980
4673,5,460
4674,10,762
4675,10,762
4676,10,762
4677,5,460
4678,7,1286
4679,5,460
4680,7,1286
4681,6,711
4682,7,1286
4683,6,711
4684,7,1286
4685,9,916
4686,8,980
4687,8,980
4688,8,980
4689,7,1286
4690,7,1286
4691,7,1286
4692,10,762
4693,10,762
4694,11,720
4695,11,720
4696,11,720
4697,8,980
4698,7,1286
4699,8,980
4700,7,1286
4701,7,1286
4702,7,1286
4703,6,711
4704,7,1286
4705,7,1286
4706,11,720
4707,12,548
4708,11,720
4709,11,720
4710,14,229
4711,14,229
4712,14,229
4713,10,762
4714,11,720
4715,10,762
4716,8,980
4717,8,980
4718,9,916
4719,5,460
4720,5,460
4721,6,711
4722,7,1286
4723,7,1286
4724,9,916
4725,14,229
4726,15,140
4727,15,140
4728,11,720
4729,10,762
4730,9,916
4731,10,762
4732,12,548
4733,12,548
4734,5,460
4735,5,460
4736,7,1286
4737,7,1286
4738,8,980
4739,10,762
4740,13,377
4741,14,229
4742,15,140
4743,11,720
4744,11,720
4745,12,548
4746,7,1286
4747,8,980
4748,11,720
4749,8,980
4750,7,1286
4751,8,980
4752,10,762
4753,10,762
4754,11,720
4755,7,1286
4756,6,711
4757,8,980
4758,6,711
4759,6,711
4760,8,980
4761,6,711
4762,7,1286
4763,6,711
4764,5,460
4765,5,460
4766,8,980
4767,8,980
4768,7,1286
4769,9,916
4770,7,1286
4771,7,1286
4772,5,460
4773,7,1286
4774,7,1286
4775,6,711
4776,8,980
4777,8,980
4778,10,762
4779,13,377
4780,14,229
4781,11,720
4782,10,762
4783,11,720
4784,12,548
4785,12,548
4786,12,548
4787,12,548
4788,7,1286
4789,8,980
4790,9,916
4791,10,762
4792,13,377
4793,13,377
4794,8,980
4795,8,980
4796,10,762
4797,10,762
4798,11,720
4799,9,916
4800,13,377
4801,15,140
4802,16,62
4803,9,916
4804,10,762
4805,9,916
4806,7,1286
4807,5,460
4808,5,460
4809,13,377
4810,14,229
4811,14,229
4812,15,140
4813,15,140
4814,14,229
4815,14,229
4816,13,377
4817,12,548
4818,12,548
4819,13,377
4820,15,140
4821,7,1286
4822,7,1286
4823,8,980
4824,8,980
4825,8,980
4826,12,548
4827,8,980
4828,8,980
4829,12,548
4830,15,140
4831,16,62
4832,16,62
4833,7,1286
4834,7,1286
4835,10,762
4836,8,980
4837,8,980
4838,9,916
4839,7,1286
4840,8,980
4841,10,762
4842,7,1286
4843,5,460
4844,7,1286
4845,14,229
4846,12,548
4847,9,916
4848,9,916
4849,8,980
4850,12,548
4851,6,711
4852,7,1286
4853,8,980
4854,13,377
4855,14,229
4856,15,140
4857,6,711
4858,6,711
4859,6,711
4860,12,548
4861,13,377
4862,14,229
4863,10,762
4864,10,762
4865,12,548
4866,12,548
4867,13,377
4868,10,762
4869,11,720
4870,11,720
4871,12,548
4872,11,720
4873,9,916
4874,11,720
4875,5,460
4876,5,460
4877,6,711
4878,9,916
4879,10,762
4880,12,548
4881,8,980
4882,7,1286
4883,8,980
4884,6,711
4885,6,711
4886,6,711
4887,6,711
4888,7,1286
4889,6,711
4890,11,720
4891,12,548
4892,11,720
4893,7,1286
4894,7,1286
4895,9,916
4896,10,762
4897,11,720
4898,9,916
4899,7,1286
4900,7,1286
4901,8,980
4902,9,916
4903,9,916
4904,11,720
4905,6,711
4906,6,711
4907,8,980
4908,7,1286
4909,7,1286
4910,7,1286
4911,7,1286
4912,7,1286
4913,9,916
4914,13,377
4915,11,720
4916,13,377
4917,10,762
4918,11,720
4919,9,916
4920,11,720
4921,10,762
4922,8,980
4923,10,762
4924,10,762
4925,10,762
4926,11,720
4927,11,720
4928,11,720
4929,12,548
4930,12,548
4931,15,140
4932,9,916
4933,11,720
4934,8,980
4935,8,980
4936,8,980
4937,7,1286
4938,10,762
4939,10,762
4940,10,762
4941,10,762
4942,11,720
4943,11,720
4944,10,762
4945,11,720
4946,12,548
4947,13,377
4948,13,377
4949,15,140
4950,7,1286
4951,8,980
4952,8,980
4953,9,916
4954,8,980
4955,10,762
4956,6,711
4957,7,1286
4958,6,711
4959,6,711
4960,6,711
4961,7,1286
4962,6,711
4963,7,1286
4964,7,1286
4965,8,980
4966,6,711
4967,7,1286
4968,6,711
4969,6,711
4970,7,1286
4971,6,711
4972,7,1286
4973,7,1286
4974,8,980
4975,8,980
4976,12,548
4977,8,980
4978,9,916
4979,12,548
4980,6,711
4981,5,460
4982,6,711
4983,7,1286
4984,7,1286
4985,9,916
4986,5,460
4987,5,460
4988,8,980
4989,9,916
4990,9,916
4991,5,460
4992,7,1286
4993,7,1286
4994,7,1286
4995,12,548
4996,12,548
4997,8,980
4998,12,548
4999,12,548
5000,8,980
5001,12,548
5002,12,548
5003,9,916
5004,5,460
5005,4,30
5006,9,916
5007,8,980
5008,6,711
5009,10,762
5010,13,377
5011,14,229
5012,9,916
5013,11,720
5014,10,762
5015,6,711
5016,12,548
5017,13,377
5018,10,762
5019,11,720
5020,11,720
5021,11,720
5022,11,720
5023,11,720
5024,13,377
5025,11,720
5026,10,762
5027,10,762
5028,10,762
5029,11,720
5030,11,720
5031,11,720
5032,10,762
5033,10,762
5034,20,4
5035,20,4
5036,27,1
5037,6,711
5038,6,711
5039,7,1286
5040,11,720
5041,11,720
5042,12,548
5043,15,140
5044,15,140
5045,15,140
5046,15,140
5047,13,377
5048,13,377
5049,8,980
5050,8,980
5051,9,916
5052,7,1286
5053,5,460
5054,7,1286
5055,8,980
5056,12,548
5057,6,711
5058,7,1286
5059,7,1286
5060,6,711
5061,10,762
5062,8,980
5063,7,1286
5064,17,48
5065,16,62
5066,15,140
5067,11,720
5068,11,720
5069,11,720
5070,12,548
5071,12,548
5072,13,377
5073,9,916
5074,10,762
5075,10,762
5076,8,980
5077,8,980
5078,8,980
5079,8,980
5080,8,980
5081,7,1286
5082,9,916
5083,9,916
5084,11,720
5085,7,1286
5086,7,1286
5087,6,711
5088,13,377
5089,10,762
5090,10,762
5091,11,720
5092,10,762
5093,11,720
5094,10,762
5095,10,762
5096,10,762
5097,10,762
5098,10,762
5099,12,548
5100,10,762
5101,10,762
5102,11,720
5103,9,916
5104,7,1286
5105,10,762
5106,7,1286
5107,7,1286
5108,11,720
5109,9,916
5110,9,916
5111,13,377
5112,14,229
5113,14,229
5114,12,548
5115,11,720
5116,10,762
5117,12,548
5118,8,980
5119,8,980
5120,10,762
5121,13,377
5122,13,377
5123,10,762
5124,11,720
5125,11,720
5126,14,229
5127,10,762
5128,10,762
5129,12,548
5130,6,711
5131,7,1286
5132,5,460
5133,7,1286
5134,7,1286
5135,8,980
5136,7,1286
5137,8,980
5138,6,711
5139,8,980
5140,9,916
5141,11,720
5142,5,460
5143,5,460
5144,7,1286
5145,7,1286
5146,9,916
5147,5,460
5148,11,720
5149,13,377
5150,9,916
5151,11,720
5152,12,548
5153,13,377
5154,7,1286
5155,7,1286
5156,8,980
5157,14,229
5158,13,377
5159,16,62
5160,12,548
5161,12,548
5162,15,140
5163,9,916
5164,5,460
5165,5,460
5166,10,762
5167,10,762
5168,9,916
5169,6,711
5170,6,711
5171,8,980
5172,9,916
5173,7,1286
5174,6,711
5175,7,1286
5176,7,1286
5177,10,762
5178,13,377
5179,14,229
5180,13,377
5181,9,916
5182,9,916
5183,9,916
5184,13,377
5185,14,229
5186,13,377
5187,10,762
5188,9,916
5189,11,720
5190,9,916
5191,9,916
5192,10,762
5193,8,980
5194,9,916
5195,7,1286
5196,7,1286
5197,10,762
5198,8,980
5199,11,720
5200,10,762
5201,6,711
5202,8,980
5203,8,980
5204,8,980
5205,7,1286
5206,8,980
5207,7,1286
5208,8,980
5209,10,762
5210,7,1286
5211,10,762
5212,10,762
5213,13,377
5214,9,916
5215,8,980
5216,10,762
5217,7,1286
5218,6,711
5219,7,1286
5220,10,762
5221,10,762
5222,11,720
5223,7,1286
5224,7,1286
5225,7,1286
5226,9,916
5227,11,720
5228,10,762
5229,7,1286
5230,7,1286
5231,9,916
5232,9,916
5233,8,980
5234,9,916
5235,12,548
5236,12,548
5237,13,377
5238,9,916
5239,8,980
5240,10,762
5241,7,1286
5242,7,1286
5243,6,711
5244,11,720
5245,11,720
5246,13,377
5247,10,762
5248,10,762
5249,12,548
5250,10,762
5251,12,548
5252,11,720
5253,11,720
5254,12,548
5255,12,548
5256,7,1286
5257,7,1286
5258,8,980
5259,11,720
5260,7,1286
5261,9,916
5262,9,916
5263,8,980
5264,9,916
5265,6,711
5266,6,711
5267,9,916
5268,11,720
5269,9,916
5270,10,762
5271,8,980
5272,9,916
5273,8,980
5274,12,548
5275,10,762
5276,12,548
5277,10,762
5278,12,548
5279,9,916
5280,13,377
5281,14,229
5282,16,62
5283,8,980
5284,8,980
5285,8,980
5286,8,980
5287,8,980
5288,9,916
5289,11,720
5290,10,762
5291,10,762
5292,12,548
5293,12,548
5294,13,377
5295,13,377
5296,14,229
5297,17,48
5298,13,377
5299,14,229
5300,12,548
5301,11,720
5302,11,720
5303,11,720
5304,11,720
5305,11,720
5306,13,377
5307,8,980
5308,9,916
5309,11,720
5310,9,916
5311,9,916
5312,8,980
5313,12,548
5314,13,377
5315,14,229
5316,10,762
5317,10,762
5318,9,916
5319,6,711
5320,7,1286
5321,8,980
5322,10,762
5323,10,762
5324,14,229
5325,12,548
5326,13,377
5327,12,548
5328,10,762
5329,9,916
5330,10,762
5331,9,916
5332,9,916
5333,11,720
5334,9,916
5335,7,1286
5336,9,916
5337,13,377
5338,15,140
5339,12,548
5340,6,711
5341,7,1286
5342,7,1286
5343,10,762
5344,10,762
5345,11,720
5346,8,980
5347,8,980
5348,9,916
5349,10,762
5350,10,762
5351,11,720
5352,6,711
5353,5,460
5354,6,711
5355,11,720
5356,8,980
5357,7,1286
5358,11,720
5359,11,720
5360,10,762
5361,13,377
5362,11,720
5363,12,548
5364,10,762
5365,10,762
5366,7,1286
5367,10,762
5368,10,762
5369,11,720
5370,9,916
5371,7,1286
5372,9,916
5373,7,1286
5374,7,1286
5375,5,460
5376,8,980
5377,8,980
5378,8,980
5379,11,720
5380,11,720
5381,11,720
5382,7,1286
5383,7,1286
5384,10,762
5385,10,762
5386,7,1286
5387,8,980
5388,10,762
5389,8,980
5390,8,980
5391,12,548
5392,12,548
5393,13,377
5394,13,377
5395,14,229
5396,13,377
5397,15,140
5398,15,140
5399,18,10
5400,13,377
5401,13,377
5402,13,377
5403,12,548
5404,12,548
5405,12,548
5406,11,720
5407,9,916
5408,8,980
5409,11,720
5410,11,720
5411,8,980
5412,6,711
5413,6,711
5414,7,1286
5415,8,980
5416,8,980
5417,10,762
5418,8,980
5419,10,762
5420,7,1286
5421,10,762
5422,10,762
5423,11,720
5424,8,980
5425,8,980
5426,10,762
5427,12,548
5428,12,548
5429,12,548
5430,7,1286
5431,5,460
5432,6,711
5433,8,980
5434,8,980
5435,10,762
5436,7,1286
5437,7,1286
5438,9,916
5439,9,916
5440,7,1286
5441,7,1286
5442,9,916
5443,7,1286
5444,8,980
5445,9,916
5446,9,916
5447,9,916
5448,12,548
5449,11,720
5450,11,720
5451,6,711
5452,7,1286
5453,9,916
5454,8,980
5455,8,980
5456,10,762
5457,8,980
5458,8,980
5459,9,916
5460,6,711
5461,6,711
5462,8,980
5463,5,460
5464,5,460
5465,7,1286
5466,7,1286
5467,7,1286
5468,8,980
5469,6,711
5470,6,711
5471,8,980
5472,8,980
5473,7,1286
5474,7,1286
5475,6,711
5476,8,980
5477,9,916
5478,6,711
5479,6,711
5480,8,980
5481,11,720
5482,11,720
5483,12,548
5484,9,916
5485,8,980
5486,9,916
5487,7,1286
5488,7,1286
5489,7,1286
5490,8,980
5491,8,980
5492,8,980
5493,8,980
5494,8,980
5495,7,1286
5496,7,1286
5497,7,1286
5498,7,1286
5499,7,1286
5500,7,1286
5501,7,1286
5502,6,711
5503,6,711
5504,8,980
5505,8,980
5506,8,980
5507,10,762
5508,7,1286
5509,7,1286
5510,7,1286
5511,7,1286
5512,7,1286
5513,9,916
5514,7,1286
5515,7,1286
5516,8,980
5517,10,762
5518,10,762
5519,10,762
5520,9,916
5521,7,1286
5522,10,762
5523,11,720
5524,7,1286
5525,6,711
5526,8,980
5527,8,980
5528,7,1286
5529,10,762
5530,9,916
5531,6,711
5532,9,916
5533,7,1286
5534,6,711
5535,10,762
5536,11,720
5537,10,762
5538,7,1286
5539,9,916
5540,9,916
5541,14,229
5542,13,377
5543,13,377
5544,6,711
5545,6,711
5546,7,1286
5547,9,916
5548,10,762
5549,9,916
5550,7,1286
5551,7,1286
5552,8,980
5553,8,980
5554,7,1286
5555,8,980
5556,6,711
5557,6,711
5558,7,1286
5559,8,980
5560,8,980
5561,9,916
5562,7,1286
5563,7,1286
5564,8,980
5565,8,980
5566,8,980
5567,7,1286
5568,7,1286
5569,7,1286
5570,8,980
5571,5,460
5572,5,460
5573,6,711
5574,9,916
5575,7,1286
5576,6,711
5577,5,460
5578,5,460
5579,6,711
5580,12,548
5581,12,548
5582,15,140
5583,7,1286
5584,7,1286
5585,9,916
5586,11,720
5587,11,720
5588,10,762
5589,12,548
5590,12,548
5591,13,377
5592,12,548
5593,12,548
5594,13,377
5595,7,1286
5596,7,1286
5597,8,980
5598,10,762
5599,10,762
5600,11,720
5601,6,711
5602,7,1286
5603,9,916
5604,6,711
5605,6,711
5606,7,1286
5607,9,916
5608,9,916
5609,10,762
5610,10,762
5611,9,916
5612,12,548
5613,9,916
5614,9,916
5615,8,980
5616,7,1286
5617,7,1286
5618,10,762
5619,8,980
5620,8,980
5621,9,916
5622,6,711
5623,6,711
5624,8,980
5625,5,460
5626,5,460
5627,7,1286
5628,8,980
5629,8,980
5630,8,980
5631,11,720
5632,12,548
5633,13,377
5634,11,720
5635,11,720
5636,11,720
5637,5,460
5638,5,460
5639,7,1286
5640,5,460
5641,5,460
5642,6,711
5643,12,548
5644,11,720
5645,12,548
5646,10,762
5647,10,762
5648,10,762
5649,11,720
5650,11,720
5651,10,762
5652,8,980
5653,8,980
5654,10,762
5655,14,229
5656,13,377
5657,11,720
5658,9,916
5659,8,980
5660,12,548
5661,8,980
5662,8,980
5663,8,980
5664,7,1286
5665,7,1286
5666,6,711
5667,5,460
5668,5,460
5669,8,980
5670,7,1286
5671,7,1286
5672,9,916
5673,6,711
5674,7,1286
5675,8,980
5676,11,720
5677,10,762
5678,11,720
5679,6,711
5680,7,1286
5681,9,916
5682,6,711
5683,5,460
5684,8,980
5685,7,1286
5686,7,1286
5687,7,1286
5688,5,460
5689,5,460
5690,5,460
5691,5,460
5692,7,1286
5693,6,711
5694,9,916
5695,8,980
5696,9,916
5697,7,1286
5698,7,1286
5699,7,1286
5700,15,140
5701,15,140
5702,17,48
5703,8,980
5704,8,980
5705,10,762
5706,6,711
5707,6,711
5708,6,711
5709,14,229
5710,15,140
5711,12,548
5712,7,1286
5713,8,980
5714,10,762
5715,6,711
5716,7,1286
5717,6,711
5718,13,377
5719,14,229
5720,13,377
5721,7,1286
5722,7,1286
5723,8,980
5724,5,460
5725,5,460
5726,6,711
5727,7,1286
5728,7,1286
5729,9,916
5730,5,460
5731,5,460
5732,5,460
5733,5,460
5734,5,460
5735,6,711
5736,7,1286
5737,7,1286
5738,6,711
5739,8,980
5740,8,980
5741,7,1286
5742,8,980
5743,8,980
5744,11,720
5745,7,1286
5746,7,1286
5747,5,460
5748,9,916
5749,9,916
5750,10,762
5751,7,1286
5752,7,1286
5753,7,1286
5754,11,720
5755,11,720
5756,12,548
5757,12,548
5758,12,548
5759,13,377
5760,9,916
5761,9,916
5762,9,916
5763,10,762
5764,10,762
5765,9,916
5766,5,460
5767,5,460
5768,7,1286
5769,12,548
5770,12,548
5771,11,720
5772,13,377
5773,12,548
5774,13,377
5775,12,548
5776,11,720
5777,13,377
5778,12,548
5779,12,548
5780,13,377
5781,12,548
5782,10,762
5783,9,916
5784,9,916
5785,11,720
5786,10,762
5787,12,548
5788,11,720
5789,12,548
5790,12,548
5791,12,548
5792,13,377
5793,14,229
5794,14,229
5795,14,229
5796,10,762
5797,10,762
5798,10,762
5799,14,229
5800,12,548
5801,10,762
5802,14,229
5803,12,548
5804,12,548
5805,11,720
5806,8,980
5807,8,980
5808,12,548
5809,11,720
5810,9,916
5811,10,762
5812,10,762
5813,9,916
5814,12,548
5815,11,720
5816,8,980
5817,10,762
5818,8,980
5819,6,711
5820,10,762
5821,11,720
5822,11,720
5823,6,711
5824,6,711
5825,8,980
5826,8,980
5827,6,711
5828,7,1286
5829,7,1286
5830,7,1286
5831,8,980
5832,8,980
5833,7,1286
5834,6,711
5835,7,1286
5836,7,1286
5837,7,1286
5838,7,1286
5839,7,1286
5840,8,980
5841,7,1286
5842,7,1286
5843,8,980
5844,8,980
5845,8,980
5846,8,980
5847,7,1286
5848,8,980
5849,10,762
5850,17,48
5851,17,48
5852,19,9
5853,9,916
5854,9,916
5855,8,980
5856,7,1286
5857,7,1286
5858,8,980
5859,9,916
5860,9,916
5861,12,548
5862,5,460
5863,4,30
5864,5,460
5865,7,1286
5866,4,30
5867,5,460
5868,14,229
5869,13,377
5870,13,377
5871,11,720
5872,11,720
5873,10,762
5874,12,548
5875,12,548
5876,13,377
5877,5,460
5878,5,460
5879,8,980
5880,6,711
5881,7,1286
5882,9,916
5883,6,711
5884,5,460
5885,7,1286
5886,10,762
5887,12,548
5888,13,377
5889,13,377
5890,13,377
5891,12,548
5892,7,1286
5893,7,1286
5894,7,1286
5895,13,377
5896,13,377
5897,14,229
5898,14,229
5899,13,377
5900,7,1286
5901,12,548
5902,10,762
5903,9,916
5904,11,720
5905,11,720
5906,11,720
5907,11,720
5908,11,720
5909,12,548
5910,7,1286
5911,6,711
5912,7,1286
5913,6,711
5914,7,1286
5915,8,980
5916,9,916
5917,9,916
5918,12,548
5919,9,916
5920,9,916
5921,9,916
5922,6,711
5923,7,1286
5924,9,916
5925,10,762
5926,10,762
5927,11,720
5928,11,720
5929,11,720
5930,10,762
5931,10,762
5932,10,762
5933,12,548
5934,12,548
5935,13,377
5936,15,140
5937,6,711
5938,6,711
5939,7,1286
5940,12,548
5941,12,548
5942,15,140
5943,12,548
5944,12,548
5945,14,229
5946,9,916
5947,9,916
5948,11,720
5949,11,720
5950,11,720
5951,10,762
5952,11,720
5953,11,720
5954,10,762
5955,5,460
5956,5,460
5957,5,460
5958,5,460
5959,5,460
5960,7,1286
5961,7,1286
5962,7,1286
5963,6,711
5964,14,229
5965,12,548
5966,10,762
5967,7,1286
5968,7,1286
5969,9,916
5970,12,548
5971,12,548
5972,11,720
5973,6,711
5974,7,1286
5975,8,980
5976,13,377
5977,14,229
5978,15,140
5979,12,548
5980,10,762
5981,11,720
5982,13,377
5983,13,377
5984,14,229
5985,13,377
5986,14,229
5987,12,548
5988,6,711
5989,6,711
5990,6,711
5991,11,720
5992,12,548
5993,11,720
5994,9,916
5995,10,762
5996,10,762
5997,10,762
5998,11,720
5999,11,720
6000,11,720
6001,10,762
6002,11,720
6003,8,980
6004,8,980
6005,10,762
6006,9,916
6007,9,916
6008,10,762
6009,5,460
6010,5,460
6011,6,711
6012,7,1286
6013,7,1286
6014,7,1286
6015,7,1286
6016,6,711
6017,7,1286
6018,10,762
6019,11,720
6020,10,762
6021,7,1286
6022,7,1286
6023,6,711
6024,6,711
6025,7,1286
6026,6,711
6027,6,711
6028,5,460
6029,8,980
6030,9,916
6031,8,980
6032,9,916
6033,8,980
6034,10,762
6035,10,762
6036,6,711
6037,6,711
6038,5,460
6039,7,1286
6040,8,980
6041,8,980
6042,5,460
6043,6,711
6044,7,1286
6045,8,980
6046,9,916
6047,8,980
6048,12,548
6049,12,548
6050,12,548
6051,11,720
6052,11,720
6053,10,762
6054,7,1286
6055,7,1286
6056,8,980
6057,5,460
6058,5,460
6059,7,1286
6060,9,916
6061,7,1286
6062,8,980
6063,9,916
6064,7,1286
6065,9,916
6066,11,720
6067,9,916
6068,11,720
6069,8,980
6070,8,980
6071,7,1286
6072,7,1286
6073,7,1286
6074,10,762
6075,5,460
6076,5,460
6077,7,1286
6078,6,711
6079,5,460
6080,5,460
6081,6,711
6082,5,460
6083,6,711
6084,6,711
6085,6,711
6086,6,711
6087,8,980
6088,8,980
6089,11,720
6090,7,1286
6091,7,1286
6092,9,916
6093,12,548
6094,11,720
6095,12,548
6096,14,229
6097,14,229
6098,17,48
6099,13,377
6100,12,548
6101,16,62
6102,13,377
6103,11,720
6104,11,720
6105,10,762
6106,10,762
6107,10,762
6108,17,48
6109,16,62
6110,16,62
6111,6,711
6112,7,1286
6113,8,980
6114,10,762
6115,10,762
6116,13,377
6117,8,980
6118,8,980
6119,10,762
6120,10,762
6121,10,762
6122,11,720
6123,8,980
6124,7,1286
6125,10,762
6126,10,762
6127,9,916
6128,10,762
6129,7,1286
6130,5,460
6131,8,980
6132,6,711
6133,6,711
6134,7,1286
6135,9,916
6136,9,916
6137,9,916
6138,5,460
6139,5,460
6140,5,460
6141,12,548
6142,11,720
6143,13,377
6144,14,229
6145,15,140
6146,10,762
6147,7,1286
6148,7,1286
6149,7,1286
6150,12,548
6151,11,720
6152,12,548
6153,9,916
6154,10,762
6155,10,762
6156,7,1286
6157,7,1286
6158,8,980
6159,7,1286
6160,7,1286
6161,8,980
6162,9,916
6163,9,916
6164,13,377
6165,7,1286
6166,7,1286
6167,7,1286
6168,7,1286
6169,7,1286
6170,6,711
6171,7,1286
6172,7,1286
6173,9,916
6174,11,720
6175,11,720
6176,12,548
6177,10,762
6178,11,720
6179,12,548
6180,9,916
6181,12,548
6182,12,548
6183,4,30
6184,7,1286
6185,6,711
6186,8,980
6187,7,1286
6188,8,980
6189,12,548
6190,12,548
6191,13,377
6192,12,548
6193,12,548
6194,13,377
6195,12,548
6196,12,548
6197,10,762
6198,12,548
6199,12,548
6200,13,377
6201,16,62
6202,16,62
6203,17,48
6204,10,762
6205,10,762
6206,9,916
6207,7,1286
6208,7,1286
6209,11,720
6210,8,980
6211,9,916
6212,9,916
6213,7,1286
6214,7,1286
6215,5,460
6216,5,460
6217,5,460
6218,6,711
6219,8,980
6220,9,916
6221,5,460
6222,7,1286
6223,7,1286
6224,6,711
6225,7,1286
6226,8,980
6227,9,916
6228,7,1286
6229,9,916
6230,8,980
6231,11,720
6232,10,762
6233,11,720
6234,6,711
6235,6,711
6236,7,1286
6237,12,548
6238,12,548
6239,9,916
6240,6,711
6241,7,1286
6242,9,916
6243,13,377
6244,12,548
6245,13,377
6246,5,460
6247,5,460
6248,5,460
6249,5,460
6250,5,460
6251,6,711
6252,9,916
6253,7,1286
6254,8,980
6255,8,980
6256,9,916
6257,10,762
6258,7,1286
6259,5,460
6260,7,1286
6261,6,711
6262,5,460
6263,5,460
6264,7,1286
6265,5,460
6266,7,1286
6267,7,1286
6268,7,1286
6269,6,711
6270,10,762
6271,9,916
6272,13,377
6273,10,762
6274,9,916
6275,9,916
6276,10,762
6277,10,762
6278,11,720
6279,7,1286
6280,9,916
6281,6,711
6282,7,1286
6283,5,460
6284,6,711
6285,9,916
6286,9,916
6287,10,762
6288,13,377
6289,7,1286
6290,7,1286
6291,7,1286
6292,7,1286
6293,9,916
6294,9,916
6295,9,916
6296,10,762
6297,8,980
6298,8,980
6299,8,980
6300,8,980
6301,7,1286
6302,9,916
6303,9,916
6304,7,1286
6305,9,916
6306,6,711
6307,7,1286
6308,5,460
6309,7,1286
6310,7,1286
6311,7,1286
6312,5,460
6313,7,1286
6314,6,711
6315,8,980
6316,10,762
6317,9,916
6318,7,1286
6319,6,711
6320,8,980
6321,9,916
6322,8,980
6323,9,916
6324,13,377
6325,13,377
6326,12,548
6327,7,1286
6328,7,1286
6329,8,980
6330,11,720
6331,10,762
6332,9,916
6333,9,916
6334,9,916
6335,9,916
6336,14,229
6337,14,229
6338,17,48
6339,9,916
6340,10,762
6341,10,762
6342,11,720
6343,11,720
6344,10,762
6345,12,548
6346,10,762
6347,13,377
6348,15,140
6349,15,140
6350,15,140
6351,12,548
6352,12,548
6353,12,548
6354,14,229
6355,14,229
6356,15,140
6357,12,548
6358,13,377
6359,12,548
6360,8,980
6361,9,916
6362,8,980
6363,8,980
6364,8,980
6365,10,762
6366,8,980
6367,8,980
6368,9,916
6369,7,1286
6370,7,1286
6371,7,1286
6372,7,1286
6373,7,1286
6374,9,916
6375,5,460
6376,5,460
6377,6,711
6378,8,980
6379,7,1286
6380,8,980
6381,7,1286
6382,8,980
6383,8,980
6384,4,30
6385,8,980
6386,6,711
6387,4,30
6388,7,1286
6389,7,1286
6390,8,980
6391,9,916
6392,8,980
6393,7,1286
6394,8,980
6395,7,1286
6396,13,377
6397,14,229
6398,9,916
6399,13,377
6400,10,762
6401,9,916
6402,10,762
6403,10,762
6404,8,980
6405,6,711
6406,6,711
6407,7,1286
6408,10,762
6409,10,762
6410,7,1286
6411,10,762
6412,10,762
6413,9,916
6414,11,720
6415,11,720
6416,14,229
6417,7,1286
6418,8,980
6419,8,980
6420,11,720
6421,11,720
6422,11,720
6423,9,916
6424,9,916
6425,9,916
6426,13,377
6427,13,377
6428,15,140
6429,11,720
6430,11,720
6431,12,548
6432,12,548
6433,11,720
6434,12,548
6435,12,548
6436,11,720
6437,11,720
6438,12,548
6439,9,916
6440,9,916
6441,13,377
6442,13,377
6443,14,229
6444,11,720
6445,9,916
6446,10,762
6447,10,762
6448,10,762
6449,10,762
6450,12,548
6451,12,548
6452,14,229
6453,5,460
6454,5,460
6455,7,1286
6456,6,711
6457,7,1286
6458,6,711
6459,9,916
6460,9,916
6461,9,916
6462,15,140
6463,15,140
6464,13,377
6465,10,762
6466,11,720
6467,10,762
6468,14,229
6469,13,377
6470,15,140
6471,8,980
6472,7,1286
6473,10,762
6474,8,980
6475,8,980
6476,10,762
6477,9,916
6478,8,980
6479,7,1286
6480,6,711
6481,5,460
6482,7,1286
6483,7,1286
6484,7,1286
6485,9,916
6486,7,1286
6487,7,1286
6488,9,916
6489,12,548
6490,11,720
6491,11,720
6492,12,548
6493,13,377
6494,13,377
6495,6,711
6496,6,711
6497,7,1286
6498,7,1286
6499,9,916
6500,9,916
6501,6,711
6502,7,1286
6503,7,1286
6504,9,916
6505,9,916
6506,10,762
6507,7,1286
6508,7,1286
6509,6,711
6510,5,460
6511,5,460
6512,7,1286
6513,7,1286
6514,8,980
6515,8,980
6516,7,1286
6517,7,1286
6518,6,711
6519,5,460
6520,5,460
6521,6,711
6522,9,916
6523,9,916
6524,10,762
6525,12,548
6526,11,720
6527,10,762
6528,8,980
6529,8,980
6530,9,916
6531,5,460
6532,4,30
6533,5,460
6534,9,916
6535,10,762
6536,12,548
6537,4,30
6538,4,30
6539,6,711
6540,9,916
6541,9,916
6542,6,711
6543,9,916
6544,10,762
6545,10,762
6546,9,916
6547,9,916
6548,12,548
6549,8,980
6550,8,980
6551,8,980
6552,7,1286
6553,7,1286
6554,5,460
6555,9,916
6556,10,762
6557,9,916
6558,7,1286
6559,8,980
6560,7,1286
6561,14,229
6562,14,229
6563,13,377
6564,9,916
6565,9,916
6566,11,720
6567,13,377
6568,12,548
6569,11,720
6570,12,548
6571,12,548
6572,8,980
6573,6,711
6574,9,916
6575,6,711
6576,9,916
6577,9,916
6578,11,720
6579,15,140
6580,15,140
6581,16,62
6582,12,548
6583,12,548
6584,9,916
6585,7,1286
6586,7,1286
6587,8,980
6588,8,980
6589,8,980
6590,7,1286
6591,9,916
6592,8,980
6593,9,916
6594,8,980
6595,8,980
6596,11,720
6597,9,916
6598,9,916
6599,9,916
6600,9,916
6601,9,916
6602,10,762
6603,9,916
6604,10,762
6605,9,916
6606,11,720
6607,12,548
6608,14,229
6609,10,762
6610,10,762
6611,11,720
6612,6,711
6613,6,711
6614,6,711
6615,12,548
6616,11,720
6617,10,762
6618,11,720
6619,11,720
6620,11,720
6621,4,30
6622,4,30
6623,5,460
6624,7,1286
6625,7,1286
6626,8,980
6627,8,980
6628,8,980
6629,10,762
6630,6,711
6631,6,711
6632,4,30
6633,6,711
6634,6,711
6635,7,1286
6636,8,980
6637,6,711
6638,7,1286
6639,9,916
6640,9,916
6641,6,711
6642,8,980
6643,7,1286
6644,9,916
6645,11,720
6646,12,548
6647,10,762
6648,9,916
6649,10,762
6650,9,916
6651,13,377
6652,12,548
6653,10,762
6654,13,377
6655,13,377
6656,10,762
6657,6,711
6658,6,711
6659,7,1286
6660,12,548
6661,10,762
6662,11,720
6663,8,980
6664,9,916
6665,8,980
6666,7,1286
6667,8,980
6668,8,980
6669,8,980
6670,8,980
6671,8,980
6672,11,720
6673,11,720
6674,9,916
6675,9,916
6676,12,548
6677,12,548
6678,10,762
6679,8,980
6680,8,980
6681,12,548
6682,12,548
6683,8,980
6684,11,720
6685,11,720
6686,12,548
6687,10,762
6688,11,720
6689,11,720
6690,10,762
6691,10,762
6692,11,720
6693,8,980
6694,8,980
6695,9,916
6696,11,720
6697,11,720
6698,13,377
6699,13,377
6700,13,377
6701,12,548
6702,12,548
6703,12,548
6704,9,916
6705,12,548
6706,11,720
6707,12,548
6708,13,377
6709,14,229
6710,13,377
6711,8,980
6712,7,1286
6713,8,980
6714,6,711
6715,6,711
6716,7,1286
6717,9,916
6718,7,1286
6719,9,916
6720,8,980
6721,8,980
6722,8,980
6723,10,762
6724,10,762
6725,9,916
6726,13,377
6727,12,548
6728,12,548
6729,12,548
6730,12,548
6731,12,548
6732,7,1286
6733,8,980
6734,11,720
6735,6,711
6736,8,980
6737,7,1286
6738,9,916
6739,9,916
6740,6,711
6741,12,548
6742,11,720
6743,13,377
6744,24,1
6745,21,2
6746,16,62
6747,11,720
6748,9,916
6749,7,1286
6750,14,229
6751,15,140
6752,18,10
6753,13,377
6754,13,377
6755,14,229
6756,9,916
6757,10,762
6758,11,720
6759,11,720
6760,11,720
6761,11,720
6762,12,548
6763,12,548
6764,11,720
6765,13,377
6766,12,548
6767,8,980
6768,15,140
6769,15,140
6770,16,62
6771,12,548
6772,12,548
6773,14,229
6774,9,916
6775,9,916
6776,10,762
6777,11,720
6778,11,720
6779,12,548
6780,12,548
6781,13,377
6782,12,548
6783,10,762
6784,10,762
6785,12,548
6786,10,762
6787,11,720
6788,12,548
6789,9,916
6790,9,916
6791,10,762
6792,13,377
6793,13,377
6794,10,762
6795,13,377
6796,12,548
6797,12,548
6798,12,548
6799,11,720
6800,11,720
6801,12,548
6802,10,762
6803,9,916
6804,11,720
6805,11,720
6806,13,377
6807,13,377
6808,11,720
6809,12,548
6810,12,548
6811,12,548
6812,13,377
6813,8,980
6814,9,916
6815,8,980
6816,13,377
6817,12,548
6818,15,140
6819,14,229
6820,14,229
6821,15,140
6822,7,1286
6823,7,1286
6824,10,762
6825,9,916
6826,9,916
6827,7,1286
6828,12,548
6829,10,762
6830,5,460
6831,12,548
6832,9,916
6833,6,711
6834,12,548
6835,12,548
6836,13,377
6837,9,916
6838,9,916
6839,8,980
6840,9,916
6841,9,916
6842,10,762
6843,9,916
6844,9,916
6845,7,1286
6846,11,720
6847,11,720
6848,12,548
6849,7,1286
6850,8,980
6851,9,916
6852,5,460
6853,6,711
6854,6,711
6855,9,916
6856,9,916
6857,11,720
6858,11,720
6859,12,548
6860,12,548
6861,5,460
6862,5,460
6863,5,460
6864,9,916
6865,9,916
6866,7,1286
6867,6,711
6868,6,711
6869,6,711
6870,11,720
6871,12,548
6872,11,720
6873,11,720
6874,11,720
6875,13,377
6876,6,711
6877,6,711
6878,8,980
6879,8,980
6880,8,980
6881,10,762
6882,10,762
6883,10,762
6884,12,548
6885,6,711
6886,5,460
6887,7,1286
6888,8,980
6889,8,980
6890,8,980
6891,12,548
6892,12,548
6893,12,548
6894,10,762
6895,9,916
6896,10,762
6897,7,1286
6898,8,980
6899,8,980
6900,11,720
6901,12,548
6902,13,377
6903,7,1286
6904,7,1286
6905,6,711
6906,7,1286
6907,6,711
6908,6,711
6909,9,916
6910,9,916
6911,11,720
6912,8,980
6913,8,980
6914,10,762
6915,16,62
6916,16,62
6917,17,48
6918,7,1286
6919,6,711
6920,7,1286
6921,5,460
6922,5,460
6923,7,1286
6924,11,720
6925,9,916
6926,10,762
6927,13,377
6928,13,377
6929,15,140
6930,16,62
6931,17,48
6932,17,48
6933,10,762
6934,10,762
6935,9,916
6936,8,980
6937,8,980
6938,9,916
6939,10,762
6940,10,762
6941,8,980
6942,7,1286
6943,6,711
6944,6,711
6945,8,980
6946,8,980
6947,7,1286
6948,8,980
6949,7,1286
6950,7,1286
6951,8,980
6952,7,1286
6953,6,711
6954,9,916
6955,9,916
6956,10,762
6957,7,1286
6958,7,1286
6959,6,711
6960,8,980
6961,8,980
6962,9,916
6963,7,1286
6964,7,1286
6965,10,762
6966,11,720
6967,9,916
6968,9,916
6969,9,916
6970,11,720
6971,9,916
6972,9,916
6973,9,916
6974,10,762
6975,8,980
6976,8,980
6977,7,1286
6978,5,460
6979,5,460
6980,8,980
6981,6,711
6982,8,980
6983,7,1286
6984,7,1286
6985,8,980
6986,7,1286
6987,10,762
6988,8,980
6989,7,1286
6990,7,1286
6991,9,916
6992,9,916
6993,9,916
6994,9,916
6995,10,762
6996,10,762
6997,8,980
6998,6,711
6999,7,1286
7000,6,711
7001,7,1286
7002,5,460
7003,7,1286
7004,5,460
7005,15,140
7006,11,720
7007,10,762
7008,5,460
7009,6,711
7010,8,980
7011,7,1286
7012,7,1286
7013,8,980
7014,11,720
7015,11,720
7016,6,711
7017,9,916
7018,10,762
7019,13,377
7020,8,980
7021,8,980
7022,7,1286
7023,9,916
7024,10,762
7025,6,711
7026,9,916
7027,9,916
7028,11,720
7029,11,720
7030,11,720
7031,12,548
7032,17,48
7033,17,48
7034,18,10
7035,7,1286
7036,7,1286
7037,8,980
7038,7,1286
7039,7,1286
7040,8,980
7041,5,460
7042,7,1286
7043,6,711
7044,8,980
7045,7,1286
7046,9,916
7047,7,1286
7048,8,980
7049,7,1286
7050,8,980
7051,8,980
7052,8,980
7053,8,980
7054,8,980
7055,9,916
7056,11,720
7057,11,720
7058,13,377
7059,7,1286
7060,8,980
7061,6,711
7062,8,980
7063,8,980
7064,9,916
7065,8,980
7066,8,980
7067,6,711
7068,9,916
7069,9,916
7070,6,711
7071,10,762
7072,10,762
7073,6,711
7074,7,1286
7075,8,980
7076,8,980
7077,11,720
7078,9,916
7079,11,720
7080,12,548
7081,12,548
7082,6,711
7083,13,377
7084,13,377
7085,14,229
7086,11,720
7087,13,377
7088,11,720
7089,12,548
7090,12,548
7091,14,229
7092,11,720
7093,11,720
7094,7,1286
7095,8,980
7096,7,1286
7097,7,1286
7098,11,720
7099,11,720
7100,13,377
7101,10,762
7102,11,720
7103,9,916
7104,9,916
7105,10,762
7106,11,720
7107,8,980
7108,8,980
7109,10,762
7110,8,980
7111,8,980
7112,8,980
7113,8,980
7114,9,916
7115,9,916
7116,7,1286
7117,7,1286
7118,8,980
7119,8,980
7120,8,980
7121,9,916
7122,7,1286
7123,7,1286
7124,10,762
7125,9,916
7126,8,980
7127,8,980
7128,9,916
7129,9,916
7130,8,980
7131,8,980
7132,8,980
7133,9,916
7134,6,711
7135,6,711
7136,6,711
7137,12,548
7138,13,377
7139,15,140
7140,9,916
7141,9,916
7142,10,762
7143,6,711
7144,6,711
7145,5,460
7146,7,1286
7147,7,1286
7148,6,711
7149,6,711
7150,6,711
7151,6,711
7152,9,916
7153,9,916
7154,10,762
7155,6,711
7156,6,711
7157,8,980
7158,7,1286
7159,5,460
7160,7,1286
7161,10,762
7162,9,916
7163,7,1286
7164,13,377
7165,13,377
7166,14,229
7167,11,720
7168,11,720
7169,12,548
7170,7,1286
7171,7,1286
7172,8,980
7173,8,980
7174,9,916
7175,12,548
7176,4,30
7177,4,30
7178,6,711
7179,6,711
7180,6,711
7181,5,460
7182,6,711
7183,7,1286
7184,9,916
7185,6,711
7186,6,711
7187,8,980
7188,7,1286
7189,7,1286
7190,9,916
7191,6,711
7192,7,1286
7193,9,916
7194,9,916
7195,9,916
7196,9,916
7197,8,980
7198,8,980
7199,9,916
7200,10,762
7201,11,720
7202,10,762
7203,5,460
7204,4,30
7205,5,460
7206,12,548
7207,12,548
7208,13,377
7209,11,720
7210,12,548
7211,12,548
7212,6,711
7213,6,711
7214,5,460
7215,6,711
7216,7,1286
7217,9,916
7218,11,720
7219,11,720
7220,13,377
7221,8,980
7222,8,980
7223,8,980
7224,13,377
7225,13,377
7226,16,62
7227,11,720
7228,9,916
7229,10,762
7230,9,916
7231,10,762
7232,5,460
7233,10,762
7234,12,548
7235,10,762
7236,9,916
7237,10,762
7238,9,916
7239,7,1286
7240,7,1286
7241,9,916
7242,7,1286
7243,8,980
7244,10,762
7245,7,1286
7246,7,1286
7247,8,980
7248,7,1286
7249,8,980
7250,10,762
7251,7,1286
7252,8,980
7253,10,762
7254,8,980
7255,10,762
7256,8,980
7257,9,916
7258,10,762
7259,10,762
7260,9,916
7261,10,762
7262,10,762
7263,7,1286
7264,7,1286
7265,5,460
7266,14,229
7267,14,229
7268,15,140
7269,10,762
7270,11,720
7271,11,720
7272,7,1286
7273,7,1286
7274,6,711
7275,10,762
7276,10,762
7277,9,916
7278,7,1286
7279,7,1286
7280,9,916
7281,7,1286
7282,7,1286
7283,8,980
7284,8,980
7285,7,1286
7286,7,1286
7287,7,1286
7288,5,460
7289,7,1286
7290,8,980
7291,9,916
7292,6,711
7293,11,720
7294,10,762
7295,13,377
